intensity,name,signal,start_date,start_time,end_date,end_time,duration
颱風,無名,1,1946/07/16,16:10 夏,1946/07/17,12:15 夏,20 05
颱風,無名,8 東北,1946/07/17,12:15 夏,1946/07/18,11:30 夏,23 15
颱風,無名,9,1946/07/18,11:30 夏,1946/07/18,15:15 夏,03 45
颱風,無名,10,1946/07/18,15:15 夏,1946/07/18,20:00 夏,04 45
颱風,無名,8 東南,1946/07/18,20:00 夏,1946/07/18,22:00 夏,02 00
颱風,無名,1,1946/08/29,01:00 夏,1946/08/29,12:40 夏,11 40
颱風,無名,1,1946/09/06,17:30 夏,1946/09/07,07:00 夏,13 30
颱風,無名,8 東南,1946/09/07,07:00 夏,1946/09/07,11:40 夏,04 40
颱風,無名,1,1946/09/11,09:20 夏,1946/09/12,14:05 夏,28 45
颱風,無名,1,1946/09/25,12:35 夏,1946/09/26,05:40 夏,17 05
颱風,無名,1,1946/10/13,09:40 夏,1946/10/13,18:15 夏,08 35
颱風,無名,8 西北,1946/10/13,18:15 夏,1946/10/14,06:00 夏,11 45
颱風,無名,1,1946/10/14,06:00 夏,1946/10/14,10:20 夏,04 20
颱風,嘉露,1,1947/06/21,20:20 夏,1947/06/22,07:40 夏,11 20
熱帶低氣壓,無名,1,1947/07/18,15:35 夏,1947/07/19,10:30 夏,18 55
颱風,茵納絲,1,1947/08/29,09:45 夏,1947/08/30,08:30 夏,22 45
颱風,美德莉,1,1947/09/25,04:10 夏,1947/09/25,11:40 夏,07 30
颱風,無名,1,1947/10/02,07:10 夏,1947/10/03,10:20 夏,27 10
颱風,葆蓮,1,1947/10/06,16:30 夏,1947/10/07,00:15 夏,07 45
颱風,葆蓮,8 東北,1947/10/07,00:15 夏,1947/10/07,16:00 夏,15 45
颱風,葆蓮,8 西北,1947/10/07,16:00 夏,1947/10/08,05:00 夏,13 00
颱風(強颱風),無名,1,1948/07/22,15:45 夏,1948/07/22,22:40 夏,06 55
颱風(強颱風),無名,8 東北,1948/07/22,22:40 夏,1948/07/23,06:00 夏,07 20
颱風(強颱風),無名,1,1948/07/23,06:00 夏,1948/07/23,12:15 夏,06 15
颱風,露絲,1,1948/07/27,04:50 夏,1948/07/27,09:00 夏,04 10
颱風,露絲,8 東北,1948/07/27,09:00 夏,1948/07/27,15:20 夏,06 20
颱風,露絲,8 西北,1948/07/27,15:20 夏,1948/07/27,18:20 夏,03 00
颱風,露絲,8 西南,1948/07/27,18:20 夏,1948/07/28,05:30 夏,11 10
颱風(強颱風),無名,1,1948/09/02,15:20 夏,1948/09/02,22:20 夏,07 00
颱風(強颱風),無名,8 東北,1948/09/02,22:20 夏,1948/09/03,05:00 夏,06 40
颱風(強颱風),無名,8 東南,1948/09/03,05:00 夏,1948/09/03,16:20 夏,11 20
颱風,吉蒂,1,1948/09/25,12:15 夏,1948/09/26,12:15 夏,24 00
颱風,吉蒂,8 東南,1948/09/26,12:15 夏,1948/09/27,05:35 夏,17 20
颱風,艾瑪,1,1949/07/27,13:30 夏,1949/07/28,07:30 夏,18 00
颱風,無名,1,1949/09/07,12:30 夏,1949/09/07,19:40 夏,07 10
颱風,無名,8 東北,1949/09/07,19:40 夏,1949/09/08,01:45 夏,06 05
颱風,無名,9,1949/09/08,01:45 夏,1949/09/08,05:10 夏,03 25
颱風,無名,8 東南,1949/09/08,05:10 夏,1949/09/08,09:00 夏,03 50
颱風,無名,1,1949/10/03,15:20 夏,1949/10/04,12:25 夏,21 05
颱風,無名,1,1949/10/22,04:00 夏,1949/10/22,11:30 夏,07 30
熱帶風暴,無名,3*,1950/06/28,23:45 夏,1950/06/29,11:30 夏,11 45
熱帶低氣壓,無名,1,1950/07/26,12:15 夏,1950/07/27,11:10 夏,22 55
熱帶低氣壓,無名,3*,1950/09/30,10:00 夏,1950/10/01,09:50 夏,23 50
颱風,奧西亞,1,1950/10/02,16:00 夏,1950/10/03,24:00 夏,32 00
颱風,奧西亞,8 東北,1950/10/04,00:00 夏,1950/10/05,07:00 夏,31 00
颱風,奧西亞,9,1950/10/05,07:00 夏,1950/10/05,13:00 夏,06 00
颱風,奧西亞,8 東南,1950/10/05,13:00 夏,1950/10/05,23:15 夏,10 15
熱帶風暴,無名,3*,1950/11/24,14:40,1950/11/25,06:40,16 00
熱帶風暴,無名,3*,1951/05/12,11:00 夏,1951/05/13,10:40 夏,23 40
熱帶風暴,無名,8 東南,1951/05/13,10:40 夏,1951/05/13,17:15 夏,06 35
熱帶風暴,無名,3*,1951/06/18,22:45 夏,1951/06/19,16:05 夏,17 20
熱帶風暴,無名,8 東南,1951/06/19,16:05 夏,1951/06/19,23:00 夏,06 55
颱風(超強颱風),露爾斯,1,1951/07/31,10:00 夏,1951/07/31,24:00 夏,14 00
颱風(超強颱風),露爾斯,8 東北,1951/08/01,00:00 夏,1951/08/01,17:45 夏,17 45
颱風(超強颱風),露爾斯,9,1951/08/01,17:45 夏,1951/08/01,23:15 夏,05 30
颱風(超強颱風),露爾斯,8 東南,1951/08/01,23:15 夏,1951/08/02,08:10 夏,08 55
熱帶低氣壓,無名,3*,1951/08/17,01:20 夏,1951/08/17,10:20 夏,09 00
颱風,無名,1,1951/09/02,07:00 夏,1951/09/02,21:05 夏,14 05
颱風(強颱風),奧娜,1,1951/09/19,17:00 夏,1951/09/21,10:00 夏,41 00
颱風,帕特,1,1951/09/25,11:30 夏,1951/09/25,17:30 夏,06 00
颱風,帕特,8 東北,1951/09/25,17:30 夏,1951/09/26,05:30 夏,12 00
熱帶風暴,夏綠蒂,3*,1952/06/10,16:05 夏,1952/06/11,14:10 夏,22 05
熱帶風暴,夏綠蒂,8 東北,1952/06/11,14:10 夏,1952/06/12,07:20 夏,17 10
熱帶風暴,夏綠蒂,8 東南,1952/06/12,07:20 夏,1952/06/12,11:00 夏,03 40
颱風(強颱風),愛瑪,1,1952/07/05,05:30 夏,1952/07/06,10:00 夏,28 30
颱風,夏麗,3*,1952/07/30,03:30 夏,1952/07/30,09:00 夏,05 30
熱帶低氣壓,無名,3*,1952/08/11,06:00 夏,1952/08/11,22:45 夏,16 45
熱帶低氣壓,無名,3*,1952/08/19,18:40 夏,1952/08/19,23:30 夏,04 50
颱風,洛伊斯,3*,1952/08/26,22:00 夏,1952/08/28,11:15 夏,37 15
颱風,諾娜,1,1952/09/05,09:20 夏,1952/09/06,09:45 夏,24 25
熱帶風暴,無名,3*,1952/09/13,06:15 夏,1952/09/14,15:00 夏,32 45
熱帶低氣壓,無名,3*,1952/09/17,10:00 夏,1952/09/18,05:45 夏,19 45
熱帶低氣壓,無名,3*,1953/06/29,02:30 夏,1953/07/01,07:05 夏,52 35
颱風,奧菲莉亞,1,1953/08/12,15:15 夏,1953/08/13,00:15 夏,09 00
颱風,奧菲莉亞,8 東北,1953/08/13,00:15 夏,1953/08/14,05:50 夏,29 35
颱風(超強颱風),麗妲,3*,1953/09/01,15:30 夏,1953/09/02,02:30 夏,11 00
颱風(超強颱風),麗妲,8 西北,1953/09/02,02:30 夏,1953/09/02,08:10 夏,05 40
颱風(超強颱風),麗妲,8 西南,1953/09/02,08:10 夏,1953/09/02,12:20 夏,04 10
颱風(強颱風),蘇姍,1,1953/09/16,12:40 夏,1953/09/17,06:50 夏,18 10
颱風(強颱風),蘇姍,8 東北,1953/09/17,06:50 夏,1953/09/18,15:00 夏,32 10
颱風(強颱風),蘇姍,9,1953/09/18,15:00 夏,1953/09/18,21:10 夏,06 10
颱風(強颱風),蘇姍,8 東南,1953/09/18,21:10 夏,1953/09/19,08:00 夏,10 50
熱帶風暴,無名,3*,1953/09/26,18:15 夏,1953/09/28,05:50 夏,35 35
颱風(強颱風),比蒂,3*,1953/10/31,10:40 夏,1953/11/01,21:55,36 15
颱風(強颱風),愛茜,3*,1954/05/11,16:00 夏,1954/05/12,12:00 夏,20 00
熱帶風暴,無名,1,1954/08/05,09:00 夏,1954/08/05,16:00 夏,07 00
熱帶風暴,無名,3*,1954/08/05,16:00 夏,1954/08/06,08:00 夏,16 00
颱風(超強颱風),艾黛,1,1954/08/28,12:00 夏,1954/08/29,09:15 夏,21 15
颱風(超強颱風),艾黛,8 東北,1954/08/29,09:15 夏,1954/08/29,11:30 夏,02 15
颱風(超強颱風),艾黛,9,1954/08/29,11:30 夏,1954/08/29,17:45 夏,06 15
颱風(超強颱風),艾黛,8 東南,1954/08/29,17:45 夏,1954/08/30,05:00 夏,11 15
熱帶低氣壓,無名,3*,1954/09/03,06:20 夏,1954/09/03,23:00 夏,16 40
颱風(強颱風),蘭茜,1,1954/10/09,05:15 夏,1954/10/09,21:20 夏,16 05
颱風(強颱風),蘭茜,8 東北,1954/10/09,21:20 夏,1954/10/10,07:30 夏,10 10
颱風(超強颱風),柏美娜,1,1954/11/05,11:30,1954/11/05,20:20,08 50
颱風(超強颱風),柏美娜,8 東北,1954/11/05,20:20,1954/11/06,10:15,13 55
颱風(超強颱風),柏美娜,9,1954/11/06,10:15,1954/11/06,15:00,04 45
颱風(超強颱風),柏美娜,8 東南,1954/11/06,15:00,1954/11/06,17:00,02 00
颱風(超強颱風),露比,1,1954/11/09,16:00,1954/11/10,21:00,29 00
颱風(超強颱風),露比,3*,1954/11/10,21:00,1954/11/11,22:15,25 15
熱帶風暴,無名,3*,1955/06/02,22:30 夏,1955/06/04,10:30 夏,36 00
熱帶風暴,無名,3*,1955/06/26,08:45 夏,1955/06/27,06:15 夏,21 30
颱風(超強颱風),姬蒂,3*,1955/09/24,10:50 夏,1955/09/26,06:05 夏,43 15
熱帶低氣壓,無名,1,1956/06/05,12:50 夏,1956/06/05,14:10 夏,01 20
熱帶低氣壓,無名,3,1956/06/05,14:10 夏,1956/06/06,13:20 夏,23 10
熱帶風暴,維娜,1,1956/07/07,10:10 夏,1956/07/07,12:50 夏,02 40
熱帶風暴,維娜,3,1956/07/07,12:50 夏,1956/07/08,07:40 夏,18 50
熱帶低氣壓,無名,1,1956/08/11,10:45 夏,1956/08/12,07:30 夏,20 45
颱風(強颱風),夏綠蒂,1,1956/08/29,11:40 夏,1956/08/29,22:55 夏,11 15
颱風(強颱風),夏綠蒂,3,1956/08/29,22:55 夏,1956/08/31,01:55 夏,27 00
颱風(強颱風),珍妮,1,1956/10/21,17:30 夏,1956/10/23,11:15 夏,41 45
颱風(強颱風),珍妮,3,1956/10/23,11:15 夏,1956/10/25,07:55 夏,44 40
熱帶低氣壓,無名,3,1957/07/03,16:40 夏,1957/07/04,10:25 夏,17 45
颱風(強颱風),芸蒂,1,1957/07/15,12:20 夏,1957/07/15,19:35 夏,07 15
颱風(強颱風),芸蒂,3,1957/07/15,19:35 夏,1957/07/16,16:00 夏,20 25
颱風(強颱風),芸蒂,8 西北,1957/07/16,16:00 夏,1957/07/17,01:30 夏,09 30
颱風(強颱風),芸蒂,8 西南,1957/07/17,01:30 夏,1957/07/17,10:20 夏,08 50
颱風(強颱風),芸蒂,3,1957/07/17,10:20 夏,1957/07/17,14:30 夏,04 10
熱帶風暴,無名,3,1957/08/16,07:30 夏,1957/08/18,22:20 夏,62 50
熱帶風暴,無名,3,1957/08/20,14:45 夏,1957/08/21,06:30 夏,15 45
颱風(強颱風),嘉曼,1,1957/09/13,10:25 夏,1957/09/15,09:50 夏,47 25
颱風(強颱風),姬羅莉亞,1,1957/09/21,10:20 夏,1957/09/21,13:10 夏,02 50
颱風(強颱風),姬羅莉亞,3,1957/09/21,13:10 夏,1957/09/22,04:00 夏,14 50
颱風(強颱風),姬羅莉亞,8 東北,1957/09/22,04:00 夏,1957/09/22,12:30 夏,08 30
颱風(強颱風),姬羅莉亞,8 東南,1957/09/22,12:30 夏,1957/09/22,12:50 夏,00 20
颱風(強颱風),姬羅莉亞,10,1957/09/22,12:50 夏,1957/09/22,20:45 夏,07 55
颱風(強颱風),姬羅莉亞,8 東南,1957/09/22,20:45 夏,1957/09/23,06:00 夏,09 15
颱風(強颱風),姬羅莉亞,3,1957/09/23,06:00 夏,1957/09/23,23:15 夏,17 15
熱帶風暴,無名,1,1957/10/14,12:40 夏,1957/10/14,16:30 夏,03 50
熱帶風暴,無名,3,1957/10/14,16:30 夏,1957/10/15,02:10 夏,09 40
熱帶風暴,無名,8 東北,1957/10/15,02:10 夏,1957/10/15,14:00 夏,11 50
熱帶風暴,無名,3,1957/10/15,14:00 夏,1957/10/16,05:35 夏,15 35
熱帶風暴,無名,3,1958/05/29,14:50 夏,1958/05/30,16:20 夏,25 30
熱帶風暴,無名,8 東北,1958/05/30,16:20 夏,1958/05/31,03:45 夏,11 25
熱帶風暴,無名,3,1958/05/31,03:45 夏,1958/05/31,12:55 夏,09 10
颱風,無名,1,1958/08/05,22:30 夏,1958/08/06,09:45 夏,11 15
颱風,無名,3,1958/08/06,09:45 夏,1958/08/09,05:30 夏,67 45
熱帶低氣壓,無名,1,1958/09/01,16:25 夏,1958/09/02,02:00 夏,09 35
熱帶風暴,無名,1,1958/09/08,22:20 夏,1958/09/09,10:25 夏,12 05
熱帶風暴,無名,3,1958/09/09,10:25 夏,1958/09/11,08:20 夏,45 55
熱帶風暴,無名,1,1958/09/29,10:05 夏,1958/09/29,22:15 夏,12 10
熱帶風暴,無名,3,1958/09/29,22:15 夏,1958/09/30,07:30 夏,09 15
熱帶風暴,葦黛,1,1959/07/05,22:20 夏,1959/07/06,11:00 夏,12 40
熱帶風暴,娜拉,3,1959/09/10,11:05 夏,1959/09/11,11:00 夏,23 55
颱風,瑪麗,1,1960/06/04,15:55 夏,1960/06/04,19:05 夏,03 10
颱風,瑪麗,3,1960/06/04,19:05 夏,1960/06/06,21:40 夏,50 35
颱風,瑪麗,8 東北,1960/06/06,21:40 夏,1960/06/08,09:15 夏,35 35
颱風,瑪麗,8 東南,1960/06/08,09:15 夏,1960/06/09,01:07 夏,15 52
颱風,瑪麗,9,1960/06/09,01:07 夏,1960/06/09,03:30 夏,02 23
颱風,瑪麗,10,1960/06/09,03:30 夏,1960/06/09,12:40 夏,09 10
颱風,瑪麗,8 西南,1960/06/09,12:40 夏,1960/06/09,16:30 夏,03 50
颱風,瑪麗,3,1960/06/09,16:30 夏,1960/06/09,23:20 夏,06 50
颱風,奧麗芙,1,1960/06/28,09:50 夏,1960/06/28,11:45 夏,01 55
颱風,奧麗芙,3,1960/06/28,11:45 夏,1960/06/29,06:45 夏,19 00
颱風,奧麗芙,8 東北,1960/06/29,06:45 夏,1960/06/29,09:30 夏,02 45
颱風,奧麗芙,8 東南,1960/06/29,09:30 夏,1960/06/29,22:30 夏,13 00
颱風,奧麗芙,8 西南,1960/06/29,22:30 夏,1960/06/30,05:30 夏,07 00
颱風,奧麗芙,3,1960/06/30,05:30 夏,1960/06/30,09:15 夏,03 45
熱帶風暴,無名,1,1960/08/02,15:25 夏,1960/08/03,06:45 夏,15 20
颱風(超強颱風),戴莉斯,1,1960/08/08,23:00 夏,1960/08/09,18:50 夏,19 50
熱帶風暴,愛娜斯,1,1960/08/14,22:15 夏,1960/08/15,09:45 夏,11 30
熱帶風暴,愛娜斯,3,1960/08/15,09:45 夏,1960/08/15,22:15 夏,12 30
熱帶風暴,愛娜斯,1,1960/08/15,22:15 夏,1960/08/16,09:40 夏,11 25
颱風,伊蘭,1,1960/08/20,11:30 夏,1960/08/22,06:00 夏,42 30
颱風,伊蘭,1,1960/08/24,16:45 夏,1960/08/25,11:30 夏,18 45
熱帶低氣壓,艾瑪,1,1960/09/18,23:20 夏,1960/09/19,12:20 夏,13 00
熱帶低氣壓,艾瑪,3,1960/09/19,12:20 夏,1960/09/20,08:00 夏,19 40
颱風,吉蒂,1,1960/10/09,07:25 夏,1960/10/09,23:30 夏,16 05
颱風,吉蒂,3,1960/10/09,23:30 夏,1960/10/12,06:00 夏,54 30
颱風,露娜,1,1960/10/15,10:30 夏,1960/10/16,09:10 夏,22 40
颱風,愛麗斯,1,1961/05/18,16:00 夏,1961/05/18,18:40 夏,02 40
颱風,愛麗斯,3,1961/05/18,18:40 夏,1961/05/19,05:50 夏,11 10
颱風,愛麗斯,8 東北,1961/05/19,05:50 夏,1961/05/19,08:35 夏,02 45
颱風,愛麗斯,9,1961/05/19,08:35 夏,1961/05/19,10:30 夏,01 55
颱風,愛麗斯,10,1961/05/19,10:30 夏,1961/05/19,13:00 夏,02 30
颱風,愛麗斯,8 西南,1961/05/19,13:00 夏,1961/05/19,19:30 夏,06 30
颱風,愛麗斯,3,1961/05/19,19:30 夏,1961/05/20,02:00 夏,06 30
熱帶風暴,桃麗斯,1,1961/07/01,13:10 夏,1961/07/01,19:30 夏,06 20
熱帶風暴,桃麗斯,3,1961/07/01,19:30 夏,1961/07/02,22:40 夏,27 10
颱風,愛茜,1,1961/07/14,12:15 夏,1961/07/15,11:15 夏,23 00
熱帶風暴,霍蘿茜,1,1961/07/19,06:40 夏,1961/07/19,15:45 夏,09 05
熱帶風暴,霍蘿茜,3,1961/07/19,15:45 夏,1961/07/19,22:40 夏,06 55
強烈熱帶風暴,奧嘉,1,1961/09/08,12:45 夏,1961/09/08,17:15 夏,04 30
強烈熱帶風暴,奧嘉,3,1961/09/08,17:15 夏,1961/09/09,17:45 夏,24 30
強烈熱帶風暴,奧嘉,8 西北,1961/09/09,17:45 夏,1961/09/10,02:35 夏,08 50
強烈熱帶風暴,奧嘉,8 西南,1961/09/10,02:35 夏,1961/09/10,08:10 夏,05 35
強烈熱帶風暴,奧嘉,3,1961/09/10,08:10 夏,1961/09/10,13:10 夏,05 00
颱風,莎莉,1,1961/09/28,16:30 夏,1961/09/28,23:30 夏,07 00
颱風,莎莉,3,1961/09/28,23:30 夏,1961/09/30,06:30 夏,31 00
熱帶低氣壓,無名,1,1962/07/10,22:45 夏,1962/07/11,16:30 夏,17 45
颱風,姬蒂,1,1962/07/20,10:45 夏,1962/07/22,23:10 夏,60 25
颱風(超強颱風),溫黛,1,1962/08/30,19:45 夏,1962/08/31,16:10 夏,20 25
颱風(超強颱風),溫黛,3,1962/08/31,16:10 夏,1962/08/31,22:50 夏,06 40
颱風(超強颱風),溫黛,8 東北,1962/08/31,22:50 夏,1962/09/01,04:15 夏,05 25
颱風(超強颱風),溫黛,9,1962/09/01,04:15 夏,1962/09/01,06:15 夏,02 00
颱風(超強颱風),溫黛,10,1962/09/01,06:15 夏,1962/09/01,14:15 夏,08 00
颱風(超強颱風),溫黛,8 西南,1962/09/01,14:15 夏,1962/09/01,19:05 夏,04 50
颱風(超強颱風),溫黛,3,1962/09/01,19:05 夏,1962/09/02,00:45 夏,05 40
颱風(強颱風),戴娜,1,1962/10/03,08:00 夏,1962/10/03,10:30 夏,02 30
颱風(強颱風),戴娜,3,1962/10/03,10:30 夏,1962/10/04,11:00 夏,24 30
颱風,戴莉斯,1,1963/06/28,23:30 夏,1963/06/29,22:30 夏,23 00
颱風,戴莉斯,3,1963/06/29,22:30 夏,1963/07/01,07:35 夏,33 05
颱風,愛娜斯,1,1963/07/21,10:55 夏,1963/07/21,18:55 夏,08 00
颱風,愛娜斯,3,1963/07/21,18:55 夏,1963/07/22,16:10 夏,21 15
颱風(超強颱風),嘉曼,1,1963/08/15,06:45 夏,1963/08/15,12:10 夏,05 25
颱風(超強颱風),嘉曼,3,1963/08/15,12:10 夏,1963/08/16,13:00 夏,24 50
颱風(超強颱風),菲爾,1,1963/09/05,11:00 夏,1963/09/06,05:00 夏,18 00
颱風(超強颱風),菲爾,3,1963/09/06,05:00 夏,1963/09/06,12:15 夏,07 15
颱風(超強颱風),菲爾,8 東北,1963/09/06,12:15 夏,1963/09/07,05:30 夏,17 15
颱風(超強颱風),菲爾,3,1963/09/07,05:30 夏,1963/09/07,23:15 夏,17 45
颱風,維奧娜,1,1964/05/26,07:00 夏,1964/05/27,02:30 夏,19 30
颱風,維奧娜,3,1964/05/27,02:30 夏,1964/05/27,15:15 夏,12 45
颱風,維奧娜,8 東北,1964/05/27,15:15 夏,1964/05/28,04:55 夏,13 40
颱風,維奧娜,8 東南,1964/05/28,04:55 夏,1964/05/28,15:05 夏,10 10
颱風,維奧娜,3,1964/05/28,15:05 夏,1964/05/29,07:00 夏,15 55
颱風(強颱風),芸妮,1,1964/06/30,22:50 夏,1964/07/01,08:15 夏,09 25
颱風(強颱風),芸妮,3,1964/07/01,08:15 夏,1964/07/03,14:10 夏,53 55
颱風(超強颱風),艾黛,1,1964/08/07,16:45 夏,1964/08/08,11:30 夏,18 45
颱風(超強颱風),艾黛,3,1964/08/08,11:30 夏,1964/08/08,16:15 夏,04 45
颱風(超強颱風),艾黛,8 東北,1964/08/08,16:15 夏,1964/08/08,20:55 夏,04 40
颱風(超強颱風),艾黛,9,1964/08/08,20:55 夏,1964/08/09,00:30 夏,03 35
颱風(超強颱風),艾黛,8 東南,1964/08/09,00:30 夏,1964/08/09,03:40 夏,03 10
颱風(超強颱風),艾黛,8 西南,1964/08/09,03:40 夏,1964/08/09,11:35 夏,07 55
颱風(超強颱風),艾黛,3,1964/08/09,11:35 夏,1964/08/09,14:00 夏,02 25
颱風(超強颱風),露比,1,1964/09/04,06:15 夏,1964/09/05,02:35 夏,20 20
颱風(超強颱風),露比,3,1964/09/05,02:35 夏,1964/09/05,07:00 夏,04 25
颱風(超強颱風),露比,8 東北,1964/09/05,07:00 夏,1964/09/05,10:30 夏,03 30
颱風(超強颱風),露比,9,1964/09/05,10:30 夏,1964/09/05,11:40 夏,01 10
颱風(超強颱風),露比,10,1964/09/05,11:40 夏,1964/09/05,15:35 夏,03 55
颱風(超強颱風),露比,8 東南,1964/09/05,15:35 夏,1964/09/05,21:50 夏,06 15
颱風(超強颱風),露比,3,1964/09/05,21:50 夏,1964/09/06,00:50 夏,03 00
颱風(超強颱風),莎莉,1,1964/09/09,11:00 夏,1964/09/10,02:00 夏,15 00
颱風(超強颱風),莎莉,3,1964/09/10,02:00 夏,1964/09/10,10:30 夏,08 30
颱風(超強颱風),莎莉,8 東北,1964/09/10,10:30 夏,1964/09/10,16:40 夏,06 10
颱風(超強颱風),莎莉,8 西北,1964/09/10,16:40 夏,1964/09/10,23:30 夏,06 50
颱風(超強颱風),莎莉,8 西南,1964/09/10,23:30 夏,1964/09/11,03:20 夏,03 50
颱風(超強颱風),莎莉,3,1964/09/11,03:20 夏,1964/09/11,05:10 夏,01 50
颱風(強颱風),桃麗達,1,1964/09/15,04:40 夏,1964/09/16,15:45 夏,35 05
颱風(強颱風),桃麗達,3,1964/09/16,15:45 夏,1964/09/17,15:30 夏,23 45
颱風(強颱風),桃麗達,1,1964/09/17,15:30 夏,1964/09/21,21:40 夏,102 10
熱帶風暴,比麗,1,1964/09/30,10:55 夏,1964/09/30,15:15 夏,04 20
熱帶風暴,比麗,3,1964/09/30,15:15 夏,1964/10/01,12:10 夏,20 55
颱風,嘉麗,1,1964/10/06,16:00 夏,1964/10/06,19:15 夏,03 15
颱風,嘉麗,3,1964/10/06,19:15 夏,1964/10/07,18:00 夏,22 45
颱風,黛蒂,1,1964/10/10,11:15 夏,1964/10/11,19:10 夏,31 55
颱風,黛蒂,3,1964/10/11,19:10 夏,1964/10/12,13:10 夏,18 00
颱風,黛蒂,8 東北,1964/10/12,13:10 夏,1964/10/13,01:30 夏,12 20
颱風,黛蒂,9,1964/10/13,01:30 夏,1964/10/13,04:00 夏,02 30
颱風,黛蒂,10,1964/10/13,04:00 夏,1964/10/13,12:15 夏,08 15
颱風,黛蒂,8 西南,1964/10/13,12:15 夏,1964/10/13,15:15 夏,03 00
颱風,黛蒂,3,1964/10/13,15:15 夏,1964/10/13,18:25 夏,03 10
熱帶風暴,喬治亞,1,1964/10/22,22:30 夏,1964/10/23,12:00 夏,13 30
強烈熱帶風暴,貝貝,1,1965/06/03,16:00 夏,1965/06/04,17:05 夏,25 05
颱風(超強颱風),法妮黛,1,1965/07/14,07:35 夏,1965/07/14,15:45 夏,08 10
颱風(超強颱風),法妮黛,3,1965/07/14,15:45 夏,1965/07/14,22:10 夏,06 25
颱風(超強颱風),法妮黛,8 東北,1965/07/14,22:10 夏,1965/07/15,03:20 夏,05 10
颱風(超強颱風),法妮黛,8 東南,1965/07/15,03:20 夏,1965/07/15,06:30 夏,03 10
颱風(超強颱風),法妮黛,3,1965/07/15,06:30 夏,1965/07/15,14:05 夏,07 35
颱風(強颱風),夏麗,1,1965/07/26,10:15 夏,1965/07/27,04:15 夏,18 00
颱風(強颱風),露絲,1,1965/09/03,11:00 夏,1965/09/04,14:40 夏,27 40
颱風(強颱風),露絲,3,1965/09/04,14:40 夏,1965/09/05,06:30 夏,15 50
熱帶風暴,愛娜斯,1,1965/09/26,10:45 夏,1965/09/26,16:30 夏,05 45
熱帶風暴,愛娜斯,3,1965/09/26,16:30 夏,1965/09/28,06:25 夏,37 55
熱帶風暴,伊蘭,1,1965/11/09,23:45,1965/11/10,11:35,11 50
熱帶風暴,伊蘭,3,1965/11/10,11:35,1965/11/11,06:45,19 10
熱帶風暴,伊蘭,1,1965/11/11,06:45,1965/11/11,19:30,12 45
熱帶風暴,伊蘭,3,1965/11/11,19:30,1965/11/13,06:40,35 10
強烈熱帶風暴,珠蒂,1,1966/05/28,06:00 夏,1966/05/28,17:00 夏,11 00
強烈熱帶風暴,珠蒂,3,1966/05/28,17:00 夏,1966/05/30,06:00 夏,37 00
強烈熱帶風暴,露娜,1,1966/07/12,14:50 夏,1966/07/12,23:30 夏,08 40
強烈熱帶風暴,露娜,3,1966/07/12,23:30 夏,1966/07/13,19:05 夏,19 35
強烈熱帶風暴,露娜,8 東北,1966/07/13,19:05 夏,1966/07/13,21:40 夏,02 35
強烈熱帶風暴,露娜,8 東南,1966/07/13,21:40 夏,1966/07/14,03:30 夏,05 50
強烈熱帶風暴,露娜,3,1966/07/14,03:30 夏,1966/07/14,08:15 夏,04 45
強烈熱帶風暴,瑪媚,1,1966/07/16,19:00 夏,1966/07/17,06:00 夏,11 00
強烈熱帶風暴,瑪媚,3,1966/07/17,06:00 夏,1966/07/17,07:00 夏,01 00
強烈熱帶風暴,瑪媚,8 東北,1966/07/17,07:00 夏,1966/07/17,18:20 夏,11 20
強烈熱帶風暴,瑪媚,8 東南,1966/07/17,18:20 夏,1966/07/17,20:15 夏,01 55
強烈熱帶風暴,奧娜,1,1966/07/24,16:50 夏,1966/07/24,20:10 夏,03 20
強烈熱帶風暴,奧娜,3,1966/07/24,20:10 夏,1966/07/26,21:15 夏,49 05
強烈熱帶風暴,蘇姍,1,1966/08/14,13:10 夏,1966/08/15,20:30 夏,31 20
颱風(超強颱風),愛茜,1,1966/09/12,16:15 夏,1966/09/16,06:30 夏,86 15
颱風(超強颱風),維奧莉,1,1967/04/09,12:00,1967/04/10,09:00,21 00
強烈熱帶風暴,安妮黛,1,1967/06/29,16:10 夏,1967/06/30,11:05 夏,18 55
強烈熱帶風暴,法蘭,1,1967/07/30,16:30 夏,1967/07/31,10:30 夏,18 00
強烈熱帶風暴,法蘭,1,1967/08/02,07:25 夏,1967/08/02,19:25 夏,12 00
熱帶風暴,愛莉斯,1,1967/08/15,08:00 夏,1967/08/15,10:15 夏,02 15
熱帶風暴,愛莉斯,3,1967/08/15,10:15 夏,1967/08/17,06:45 夏,44 30
強烈熱帶風暴,姬蒂,1,1967/08/20,04:20 夏,1967/08/20,07:30 夏,03 10
強烈熱帶風暴,姬蒂,3,1967/08/20,07:30 夏,1967/08/21,11:40 夏,28 10
強烈熱帶風暴,姬蒂,8 東北,1967/08/21,11:40 夏,1967/08/21,17:25 夏,05 45
強烈熱帶風暴,姬蒂,8 東南,1967/08/21,17:25 夏,1967/08/22,02:25 夏,09 00
強烈熱帶風暴,姬蒂,3,1967/08/22,02:25 夏,1967/08/22,09:45 夏,07 20
颱風(超強颱風),瑪琪,1,1967/08/29,10:50 夏,1967/08/30,19:30 夏,32 40
颱風(超強颱風),嘉娜,3,1967/10/17,09:45 夏,1967/10/18,23:15 夏,37 30
颱風(超強颱風),嘉娜,8 東北,1967/10/18,23:15 夏,1967/10/19,12:20 夏,13 05
颱風(超強颱風),嘉娜,3,1967/10/19,12:20 夏,1967/10/20,06:10 夏,17 50
颱風(超強颱風),愛瑪,1,1967/11/05,10:10,1967/11/07,06:10,44 00
颱風(超強颱風),愛瑪,3,1967/11/07,06:10,1967/11/08,06:10,24 00
颱風,妮艼,1,1968/07/26,09:40 夏,1968/07/26,16:15 夏,06 35
颱風,妮艼,3,1968/07/26,16:15 夏,1968/07/27,11:00 夏,18 45
颱風,妮艼,1,1968/07/27,11:00 夏,1968/07/28,17:30 夏,30 30
強烈熱帶風暴,露絲,1,1968/08/11,07:45 夏,1968/08/11,16:45 夏,09 00
強烈熱帶風暴,露絲,3,1968/08/11,16:45 夏,1968/08/12,08:50 夏,16 05
颱風,雪麗,1,1968/08/20,06:10 夏,1968/08/20,18:15 夏,12 05
颱風,雪麗,3,1968/08/20,18:15 夏,1968/08/21,06:00 夏,11 45
颱風,雪麗,8 東北,1968/08/21,06:00 夏,1968/08/21,14:40 夏,08 40
颱風,雪麗,9,1968/08/21,14:40 夏,1968/08/21,16:10 夏,01 30
颱風,雪麗,10,1968/08/21,16:10 夏,1968/08/21,23:45 夏,07 35
颱風,雪麗,8 西南,1968/08/21,23:45 夏,1968/08/22,05:25 夏,05 40
颱風,雪麗,3,1968/08/22,05:25 夏,1968/08/22,12:10 夏,06 45
強烈熱帶風暴,比絲,1,1968/08/31,18:00 夏,1968/08/31,22:30 夏,04 30
強烈熱帶風暴,比絲,3,1968/08/31,22:30 夏,1968/09/03,22:15 夏,71 45
颱風(超強颱風),芸蒂,1,1968/09/07,15:00 夏,1968/09/07,22:50 夏,07 50
颱風(超強颱風),芸蒂,3,1968/09/07,22:50 夏,1968/09/08,15:25 夏,16 35
颱風(超強颱風),伊蘭,1,1968/09/29,07:25 夏,1968/09/29,19:45 夏,12 20
颱風(超強颱風),伊蘭,3,1968/09/29,19:45 夏,1968/10/01,14:00 夏,42 15
颱風(超強颱風),維奧娜,1,1969/07/27,13:45 夏,1969/07/27,21:50 夏,08 05
颱風(超強颱風),維奧娜,3,1969/07/27,21:50 夏,1969/07/28,12:00 夏,14 10
颱風(超強颱風),維奧娜,3,1969/07/28,18:25 夏,1969/07/29,15:10 夏,20 45
熱帶低氣壓,無名,1,1969/09/08,16:25 夏,1969/09/09,22:30 夏,30 05
颱風(超強颱風),愛茜,1,1969/09/27,12:00 夏,1969/09/28,06:25 夏,18 25
強烈熱帶風暴,霍蘿茜,1,1969/10/01,16:15 夏,1969/10/02,11:00 夏,18 45
熱帶風暴,露比,1,1970/07/14,15:30 夏,1970/07/15,22:40 夏,31 10
熱帶風暴,露比,3,1970/07/15,22:40 夏,1970/07/16,05:45 夏,07 05
熱帶風暴,露比,8 東北,1970/07/16,05:45 夏,1970/07/16,10:30 夏,04 45
熱帶風暴,露比,8 西北,1970/07/16,10:30 夏,1970/07/16,12:00 夏,01 30
熱帶風暴,露比,8 西南,1970/07/16,12:00 夏,1970/07/16,14:30 夏,02 30
熱帶風暴,露比,3,1970/07/16,14:30 夏,1970/07/16,22:15 夏,07 45
熱帶低氣壓,無名,1,1970/08/02,12:00 夏,1970/08/02,17:30 夏,05 30
熱帶低氣壓,無名,3,1970/08/02,17:30 夏,1970/08/03,16:15 夏,22 45
熱帶風暴,維奧莉,1,1970/08/07,18:45 夏,1970/08/08,12:00 夏,17 15
熱帶風暴,維奧莉,3,1970/08/08,12:00 夏,1970/08/09,11:30 夏,23 30
颱風(超強颱風),喬治亞,1,1970/09/11,20:00 夏,1970/09/12,20:00 夏,24 00
颱風(超強颱風),喬治亞,3,1970/09/12,20:00 夏,1970/09/13,22:20 夏,26 20
颱風(超強颱風),喬治亞,8 東北,1970/09/13,22:20 夏,1970/09/14,04:00 夏,05 40
颱風(超強颱風),喬治亞,8 西北,1970/09/14,04:00 夏,1970/09/14,11:10 夏,07 10
颱風(超強颱風),喬治亞,3,1970/09/14,11:10 夏,1970/09/14,17:30 夏,06 20
颱風(強颱風),愛莉斯,1,1970/10/05,14:30 夏,1970/10/06,06:45 夏,16 15
颱風(強颱風),愛莉斯,3,1970/10/06,06:45 夏,1970/10/07,17:15 夏,34 30
颱風(強颱風),愛莉斯,1,1970/10/07,17:15 夏,1970/10/08,10:15 夏,17 00
颱風(超強颱風),鐘茵,3,1970/10/16,15:15 夏,1970/10/17,17:00 夏,25 45
颱風,戴娜,1,1971/05/28,06:00 夏,1971/05/29,08:20 夏,26 20
颱風,法妮黛,1,1971/06/16,12:15 夏,1971/06/16,23:10 夏,10 55
颱風,法妮黛,3,1971/06/16,23:10 夏,1971/06/17,10:20 夏,11 10
颱風,法妮黛,8 東北,1971/06/17,10:20 夏,1971/06/18,02:10 夏,15 50
颱風,法妮黛,8 東南,1971/06/18,02:10 夏,1971/06/18,06:15 夏,04 05
颱風,法妮黛,8 西南,1971/06/18,06:15 夏,1971/06/18,14:10 夏,07 55
颱風,法妮黛,3,1971/06/18,14:10 夏,1971/06/18,16:10 夏,02 00
颱風,潔黛,1,1971/06/26,20:30 夏,1971/06/27,05:30 夏,09 00
颱風,潔黛,3,1971/06/27,05:30 夏,1971/06/27,23:45 夏,18 15
颱風(超強颱風),夏麗,1,1971/07/05,05:40 夏,1971/07/05,17:10 夏,11 30
颱風(超強颱風),露茜,1,1971/07/21,00:30 夏,1971/07/21,15:45 夏,15 15
颱風(超強颱風),露茜,3,1971/07/21,15:45 夏,1971/07/22,03:00 夏,11 15
颱風(超強颱風),露茜,8 西北,1971/07/22,03:00 夏,1971/07/22,12:30 夏,09 30
颱風(超強颱風),露茜,8 西南,1971/07/22,12:30 夏,1971/07/22,16:10 夏,03 40
颱風(超強颱風),露茜,3,1971/07/22,16:10 夏,1971/07/23,02:35 夏,10 25
颱風(超強颱風),妮艼,1,1971/07/26,11:45 夏,1971/07/26,19:00 夏,07 15
颱風(超強颱風),妮艼,3,1971/07/26,19:00 夏,1971/07/27,09:35 夏,14 35
颱風(超強颱風),露絲,1,1971/08/14,17:00 夏,1971/08/16,05:05 夏,36 05
颱風(超強颱風),露絲,3,1971/08/16,05:05 夏,1971/08/16,09:50 夏,04 45
颱風(超強颱風),露絲,8 東北,1971/08/16,09:50 夏,1971/08/16,12:25 夏,02 35
颱風(超強颱風),露絲,8 東南,1971/08/16,12:25 夏,1971/08/16,21:10 夏,08 45
颱風(超強颱風),露絲,9,1971/08/16,21:10 夏,1971/08/16,22:50 夏,01 40
颱風(超強颱風),露絲,10,1971/08/16,22:50 夏,1971/08/17,04:40 夏,05 50
颱風(超強颱風),露絲,8 西南,1971/08/17,04:40 夏,1971/08/17,09:15 夏,04 35
颱風(超強颱風),露絲,3,1971/08/17,09:15 夏,1971/08/17,12:00 夏,02 45
颱風,黛娜,1,1971/09/28,07:20 夏,1971/09/28,12:10 夏,04 50
颱風,黛娜,3,1971/09/28,12:10 夏,1971/09/29,15:10 夏,27 00
颱風(強颱風),伊蘭,1,1971/10/07,06:50 夏,1971/10/07,21:30 夏,14 40
颱風(強颱風),伊蘭,3,1971/10/07,21:30 夏,1971/10/08,18:30 夏,21 00
熱帶低氣壓,無名,1,1972/06/10,14:30 夏,1972/06/11,09:40 夏,19 10
颱風,奧娜,1,1972/06/26,06:15 夏,1972/06/26,09:45 夏,03 30
颱風,奧娜,3,1972/06/26,09:45 夏,1972/06/27,09:25 夏,23 40
颱風,蘇姍,1,1972/07/08,11:15 夏,1972/07/09,22:15 夏,35 00
颱風,蘇姍,3,1972/07/09,22:15 夏,1972/07/11,10:30 夏,36 15
颱風,蘇姍,1,1972/07/11,10:30 夏,1972/07/11,21:35 夏,11 05
颱風,蘇姍,3,1972/07/11,21:35 夏,1972/07/12,06:40 夏,09 05
颱風,蘇姍,1,1972/07/13,05:20 夏,1972/07/13,07:10 夏,01 50
颱風,蘇姍,3,1972/07/13,07:10 夏,1972/07/14,10:10 夏,27 00
颱風,蘇姍,1,1972/07/14,10:10 夏,1972/07/15,06:20 夏,20 10
強烈熱帶風暴,柯娜,1,1972/08/25,23:00 夏,1972/08/28,13:30 夏,62 30
颱風(強颱風),柏美娜,1,1972/11/07,16:00,1972/11/07,20:10,04 10
颱風(強颱風),柏美娜,3,1972/11/07,20:10,1972/11/08,15:15,19 05
颱風(強颱風),柏美娜,8 東北,1972/11/08,15:15,1972/11/08,22:00,06 45
颱風(強颱風),柏美娜,8 東南,1972/11/08,22:00,1972/11/09,05:15,07 15
颱風(強颱風),柏美娜,3,1972/11/09,05:15,1972/11/09,07:05,01 50
熱帶風暴,葦黛,1,1973/07/01,10:30 夏,1973/07/03,06:15 夏,43 45
颱風,黛蒂,1,1973/07/14,19:50 夏,1973/07/15,06:15 夏,10 25
颱風,黛蒂,3,1973/07/15,06:15 夏,1973/07/16,15:00 夏,32 45
颱風,黛蒂,8 東北,1973/07/16,15:00 夏,1973/07/16,22:40 夏,07 40
颱風,黛蒂,9,1973/07/16,22:40 夏,1973/07/17,05:10 夏,06 30
颱風,黛蒂,8 西北,1973/07/17,05:10 夏,1973/07/17,11:10 夏,06 00
颱風,黛蒂,8 西南,1973/07/17,11:10 夏,1973/07/17,13:45 夏,02 35
颱風,黛蒂,3,1973/07/17,13:45 夏,1973/07/17,16:15 夏,02 30
颱風,喬治亞,1,1973/08/09,16:00 夏,1973/08/09,23:10 夏,07 10
颱風,喬治亞,3,1973/08/09,23:10 夏,1973/08/11,09:10 夏,34 00
熱帶風暴,鐘茵,1,1973/08/20,19:50 夏,1973/08/21,19:10 夏,23 20
熱帶風暴,姬蒂,1,1973/08/22,22:20 夏,1973/08/25,06:55 夏,56 35
強烈熱帶風暴,露爾斯,1,1973/09/03,16:00 夏,1973/09/05,10:15 夏,42 15
強烈熱帶風暴,露爾斯,3,1973/09/05,10:15 夏,1973/09/06,12:50 夏,26 35
颱風,瑪琪,1,1973/09/12,17:30 夏,1973/09/14,07:00 夏,37 30
颱風(超強颱風),娜拉,3,1973/10/08,16:15 夏,1973/10/10,05:50 夏,37 35
颱風,露芙,1,1973/10/16,18:00 夏,1973/10/17,07:15 夏,13 15
颱風,露芙,3,1973/10/17,07:15 夏,1973/10/18,09:40 夏,26 25
熱帶低氣壓,無名,1,1974/06/06,18:00 夏,1974/06/07,19:30 夏,25 30
熱帶低氣壓,無名,3,1974/06/07,19:30 夏,1974/06/08,08:15 夏,12 45
颱風,戴娜,1,1974/06/11,07:00 夏,1974/06/11,18:45 夏,11 45
颱風,戴娜,3,1974/06/11,18:45 夏,1974/06/13,18:15 夏,47 30
颱風(強颱風),艾菲,1,1974/07/21,07:10 夏,1974/07/21,13:15 夏,06 05
颱風(強颱風),艾菲,3,1974/07/21,13:15 夏,1974/07/23,05:45 夏,40 30
熱帶風暴,戴莉斯,1,1974/09/05,11:15 夏,1974/09/05,22:30 夏,11 15
熱帶風暴,戴莉斯,3,1974/09/05,22:30 夏,1974/09/06,10:15 夏,11 45
強烈熱帶風暴,芸蒂,1,1974/09/25,19:15 夏,1974/09/27,10:15 夏,39 00
颱風,比絲,1,1974/10/11,22:20 夏,1974/10/12,00:20 夏,02 00
颱風,比絲,3,1974/10/12,00:20 夏,1974/10/14,09:05 夏,56 45
颱風,嘉曼,1,1974/10/17,10:55 夏,1974/10/17,16:30 夏,05 35
颱風,嘉曼,3,1974/10/17,16:30 夏,1974/10/18,10:10 夏,17 40
颱風,嘉曼,8 東北,1974/10/18,10:10 夏,1974/10/19,04:30 夏,18 20
颱風,嘉曼,9,1974/10/19,04:30 夏,1974/10/19,11:00 夏,06 30
颱風,嘉曼,8 東南,1974/10/19,11:00 夏,1974/10/19,15:00 夏,04 00
颱風,嘉曼,3,1974/10/19,15:00 夏,1974/10/20,10:00,20 00
颱風,黛娜,1,1974/10/24,18:30,1974/10/26,09:15,38 45
颱風(強颱風),伊蘭,1,1974/10/28,17:00,1974/10/28,23:05,06 05
颱風(強颱風),伊蘭,3,1974/10/28,23:05,1974/10/30,10:10,35 05
颱風(強颱風),伊蘭,8 東北,1974/10/30,10:10,1974/10/30,20:10,10 00
颱風(強颱風),伊蘭,3,1974/10/30,20:10,1974/10/31,04:55,08 45
颱風(強颱風),伊蘭,1,1974/10/31,04:55,1974/10/31,15:30,10 35
颱風(超強颱風),姬羅莉亞,1,1974/11/07,15:15,1974/11/09,19:10,51 55
颱風(超強颱風),艾瑪,1,1974/12/01,12:45,1974/12/01,23:00,10 15
颱風(超強颱風),艾瑪,3,1974/12/01,23:00,1974/12/02,16:00,17 00
熱帶低氣壓,無名,1,1975/06/16,20:45 夏,1975/06/17,23:00 夏,26 15
熱帶低氣壓,無名,1,1975/08/10,05:00 夏,1975/08/11,04:50 夏,23 50
熱帶低氣壓,無名,1,1975/08/13,16:45 夏,1975/08/13,23:00 夏,06 15
熱帶低氣壓,無名,3,1975/08/13,23:00 夏,1975/08/14,08:10 夏,09 10
強烈熱帶風暴,愛麗斯,1,1975/09/18,16:00 夏,1975/09/19,11:30 夏,19 30
強烈熱帶風暴,愛麗斯,3,1975/09/19,11:30 夏,1975/09/20,05:15 夏,17 45
颱風(強颱風),比蒂,1,1975/09/22,17:45 夏,1975/09/24,10:20 夏,40 35
強烈熱帶風暴,桃麗斯,1,1975/10/04,06:40 夏,1975/10/05,11:45 夏,29 05
強烈熱帶風暴,桃麗斯,3,1975/10/05,11:45 夏,1975/10/06,16:20 夏,28 35
颱風(超強颱風),愛茜,1,1975/10/12,22:45 夏,1975/10/13,20:00 夏,21 15
颱風(超強颱風),愛茜,3,1975/10/13,20:00 夏,1975/10/14,04:30 夏,08 30
颱風(超強颱風),愛茜,8 西北,1975/10/14,04:30 夏,1975/10/14,11:00 夏,06 30
颱風(超強颱風),愛茜,9,1975/10/14,11:00 夏,1975/10/14,14:15 夏,03 15
颱風(超強颱風),愛茜,10,1975/10/14,14:15 夏,1975/10/14,17:05 夏,02 50
颱風(超強颱風),愛茜,8 東南,1975/10/14,17:05 夏,1975/10/14,20:10 夏,03 05
颱風(超強颱風),愛茜,3,1975/10/14,20:10 夏,1975/10/15,02:00 夏,05 50
強烈熱帶風暴,霍蘿茜,1,1975/10/21,23:05,1975/10/22,07:00,07 55
強烈熱帶風暴,霍蘿茜,3,1975/10/22,07:00,1975/10/23,15:10,32 10
颱風(超強颱風),露比,1,1976/06/26,10:30 夏,1976/06/26,21:30 夏,11 00
颱風(超強颱風),露比,3,1976/06/26,21:30 夏,1976/06/28,09:40 夏,36 10
颱風(超強颱風),露比,1,1976/06/28,09:40 夏,1976/06/29,07:15 夏,21 35
強烈熱帶風暴,維奧莉,1,1976/07/21,23:30 夏,1976/07/24,23:00 夏,71 30
強烈熱帶風暴,維奧莉,3,1976/07/24,23:00 夏,1976/07/26,09:30 夏,34 30
強烈熱帶風暴,嘉麗,1,1976/08/05,11:00 夏,1976/08/05,23:30 夏,12 30
強烈熱帶風暴,嘉麗,3,1976/08/05,23:30 夏,1976/08/06,16:20 夏,16 50
強烈熱帶風暴,嘉麗,8 東南,1976/08/06,16:20 夏,1976/08/07,04:00 夏,11 40
熱帶風暴,愛倫,1,1976/08/23,10:25 夏,1976/08/23,22:45 夏,12 20
熱帶風暴,愛倫,3,1976/08/23,22:45 夏,1976/08/24,17:40 夏,18 55
颱風,愛莉斯,1,1976/09/15,23:15 夏,1976/09/17,22:45 夏,47 30
颱風,愛莉斯,3,1976/09/17,22:45 夏,1976/09/18,21:15 夏,22 30
颱風,愛莉斯,8 東北,1976/09/18,21:15 夏,1976/09/19,06:10 夏,08 55
颱風,愛莉斯,8 東南,1976/09/19,06:10 夏,1976/09/19,17:30 夏,11 20
颱風,愛莉斯,3,1976/09/19,17:30 夏,1976/09/20,07:45 夏,14 15
強烈熱帶風暴,露芙,1,1977/06/14,22:30,1977/06/16,10:00,35 30
熱帶低氣壓,無名,1,1977/07/04,22:35,1977/07/05,12:00,13 25
熱帶低氣壓,無名,3,1977/07/05,12:00,1977/07/06,11:10,23 10
颱風,莎娜,1,1977/07/19,07:30,1977/07/19,11:15,03 45
颱風,莎娜,3,1977/07/19,11:15,1977/07/21,06:30,43 15
颱風,黛瑪,1,1977/07/24,09:00,1977/07/25,14:15,29 15
熱帶風暴,愛媚,1,1977/08/20,10:00,1977/08/22,12:00,50 00
熱帶風暴,嘉娜,1,1977/09/03,10:15,1977/09/03,16:45,06 30
熱帶風暴,嘉娜,3,1977/09/03,16:45,1977/09/04,12:50,20 05
颱風,戴娜,1,1977/09/16,16:30,1977/09/21,21:10,124 40
颱風,戴娜,3,1977/09/21,21:10,1977/09/22,11:40,14 30
強烈熱帶風暴,法妮黛,1,1977/09/23,22:05,1977/09/24,05:20,07 15
強烈熱帶風暴,法妮黛,3,1977/09/24,05:20,1977/09/24,15:05,09 45
強烈熱帶風暴,法妮黛,8 東北,1977/09/24,15:05,1977/09/24,23:15,08 10
強烈熱帶風暴,法妮黛,3,1977/09/24,23:15,1977/09/25,05:10,05 55
颱風(強颱風),奧麗芙,1,1978/04/23,11:40,1978/04/25,05:10,41 30
強烈熱帶風暴,愛娜斯,1,1978/07/25,07:30,1978/07/25,22:50,15 20
強烈熱帶風暴,愛娜斯,3,1978/07/25,22:50,1978/07/26,09:15,10 25
強烈熱帶風暴,愛娜斯,8 東北,1978/07/26,09:15,1978/07/26,15:45,06 30
強烈熱帶風暴,愛娜斯,8 東南,1978/07/26,15:45,1978/07/27,13:30,21 45
強烈熱帶風暴,愛娜斯,3,1978/07/27,13:30,1978/07/29,17:25,51 55
強烈熱帶風暴,愛娜斯,8 東北,1978/07/29,17:25,1978/07/30,02:30,09 05
強烈熱帶風暴,愛娜斯,8 西北,1978/07/30,02:30,1978/07/30,04:40,02 10
強烈熱帶風暴,愛娜斯,8 西南,1978/07/30,04:40,1978/07/30,07:10,02 30
強烈熱帶風暴,愛娜斯,3,1978/07/30,07:10,1978/07/30,15:10,08 00
熱帶風暴,邦妮,1,1978/08/09,16:30,1978/08/10,12:15,19 45
熱帶風暴,邦妮,3,1978/08/10,12:15,1978/08/11,10:10,21 55
強烈熱帶風暴,伊蘭,1,1978/08/25,16:00,1978/08/26,13:20,21 20
強烈熱帶風暴,伊蘭,3,1978/08/26,13:20,1978/08/26,21:15,07 55
強烈熱帶風暴,伊蘭,8 東北,1978/08/26,21:15,1978/08/27,07:10,09 55
強烈熱帶風暴,伊蘭,8 東南,1978/08/27,07:10,1978/08/27,16:40,09 30
強烈熱帶風暴,伊蘭,3,1978/08/27,16:40,1978/08/27,23:00,06 20
強烈熱帶風暴,吉蒂,1,1978/09/24,17:20,1978/09/25,23:35,30 15
颱風,露娜,1,1978/09/28,16:45,1978/09/29,12:10,19 25
颱風,露娜,3,1978/09/29,12:10,1978/10/02,06:50,66 40
強烈熱帶風暴,蓮娜,1,1978/10/15,09:30,1978/10/16,06:20,20 50
強烈熱帶風暴,蓮娜,3,1978/10/16,06:20,1978/10/16,22:35,16 15
颱風(超強颱風),麗妲,1,1978/10/27,11:45,1978/10/27,16:30,04 45
颱風(超強颱風),麗妲,3,1978/10/27,16:30,1978/10/29,06:40,38 10
颱風(強颱風),艾利斯,1,1979/07/04,16:30 夏,1979/07/05,10:00 夏,17 30
颱風(強颱風),艾利斯,3,1979/07/05,10:00 夏,1979/07/06,11:15 夏,25 15
強烈熱帶風暴,戈登,1,1979/07/28,13:10 夏,1979/07/30,06:55 夏,41 45
颱風(超強颱風),荷貝,1,1979/08/01,15:30 夏,1979/08/01,22:00 夏,06 30
颱風(超強颱風),荷貝,3,1979/08/01,22:00 夏,1979/08/02,07:00 夏,09 00
颱風(超強颱風),荷貝,8 東北,1979/08/02,07:00 夏,1979/08/02,11:00 夏,04 00
颱風(超強颱風),荷貝,8 西北,1979/08/02,11:00 夏,1979/08/02,12:35 夏,01 35
颱風(超強颱風),荷貝,9,1979/08/02,12:35 夏,1979/08/02,13:00 夏,00 25
颱風(超強颱風),荷貝,10,1979/08/02,13:00 夏,1979/08/02,16:45 夏,03 45
颱風(超強颱風),荷貝,8 東南,1979/08/02,16:45 夏,1979/08/02,20:05 夏,03 20
颱風(超強颱風),荷貝,3,1979/08/02,20:05 夏,1979/08/03,05:30 夏,09 25
熱帶低氣壓,無名,1,1979/08/07,16:15 夏,1979/08/09,15:45 夏,47 30
熱帶風暴,蘭茜,1,1979/09/19,16:00 夏,1979/09/22,12:45 夏,68 45
強烈熱帶風暴,麥克,3,1979/09/22,12:45 夏,1979/09/23,10:10 夏,21 25
強烈熱帶風暴,麥克,8 東北,1979/09/23,10:10 夏,1979/09/23,15:15 夏,05 05
強烈熱帶風暴,麥克,8 東南,1979/09/23,15:15 夏,1979/09/24,00:45 夏,09 30
強烈熱帶風暴,麥克,3,1979/09/24,00:45 夏,1979/09/24,07:15 夏,06 30
強烈熱帶風暴,喬治亞,1,1980/05/22,11:45,1980/05/23,11:45,24 00
強烈熱帶風暴,喬治亞,3,1980/05/23,11:45,1980/05/24,05:45,18 00
強烈熱帶風暴,赫伯特,1,1980/06/26,07:35,1980/06/28,11:30,51 55
強烈熱帶風暴,艾黛,1,1980/07/10,06:00,1980/07/12,06:10,48 10
熱帶風暴,無名,1,1980/07/18,10:30,1980/07/18,14:10,03 40
熱帶風暴,無名,3,1980/07/18,14:10,1980/07/19,09:10,19 00
颱風(超強颱風),喬伊,1,1980/07/21,12:00,1980/07/21,16:15,04 15
颱風(超強颱風),喬伊,3,1980/07/21,16:15,1980/07/22,04:40,12 25
颱風(超強颱風),喬伊,8 東北,1980/07/22,04:40,1980/07/22,10:45,06 05
颱風(超強颱風),喬伊,8 東南,1980/07/22,10:45,1980/07/22,18:05,07 20
颱風(超強颱風),喬伊,3,1980/07/22,18:05,1980/07/23,01:30,07 25
颱風(超強颱風),甘茵,1,1980/07/26,00:45,1980/07/26,23:10,22 25
颱風(超強颱風),甘茵,3,1980/07/26,23:10,1980/07/28,07:15,32 05
熱帶低氣壓,無名,1,1980/08/16,21:10,1980/08/18,14:35,41 25
熱帶低氣壓,無名,3,1980/08/18,14:35,1980/08/19,06:50,16 15
颱風,露芙,1,1980/09/12,22:00,1980/09/13,17:15,19 15
颱風,露芙,3,1980/09/13,17:15,1980/09/15,06:30,37 15
颱風(超強颱風),珀西,1,1980/09/18,09:15,1980/09/18,12:00,02 45
颱風(超強颱風),珀西,3,1980/09/18,12:00,1980/09/19,06:00,18 00
熱帶風暴,卡里,1,1980/10/30,16:30,1980/10/31,14:55,22 25
強烈熱帶風暴,艾克,1,1981/06/11,09:00,1981/06/13,08:30,47 30
颱風,凱利,1,1981/07/03,04:00,1981/07/03,11:45,07 45
颱風,凱利,3,1981/07/03,11:45,1981/07/04,06:10,18 25
強烈熱帶風暴,林茵,1,1981/07/05,10:45,1981/07/05,19:45,09 00
強烈熱帶風暴,林茵,3,1981/07/05,19:45,1981/07/06,05:30,09 45
強烈熱帶風暴,林茵,8 東北,1981/07/06,05:30,1981/07/06,22:00,16 30
強烈熱帶風暴,林茵,8 東南,1981/07/06,22:00,1981/07/07,10:15,12 15
強烈熱帶風暴,林茵,3,1981/07/07,10:15,1981/07/07,14:10,03 55
熱帶風暴,羅伊,1,1981/08/06,08:30,1981/08/07,23:15,38 45
颱風(超強颱風),嘉麗,1,1981/09/20,21:00,1981/09/21,13:00,16 00
颱風(超強颱風),嘉麗,3,1981/09/21,13:00,1981/09/22,11:30,22 30
熱帶風暴,戴絲,1,1982/06/28,12:00,1982/06/28,19:10,07 10
熱帶風暴,戴絲,3,1982/06/28,19:10,1982/07/01,06:10,59 00
熱帶風暴,戴絲,1,1982/07/01,06:10,1982/07/01,18:40,12 30
強烈熱帶風暴,雲璐娜,1,1982/07/16,05:00,1982/07/16,16:30,11 30
強烈熱帶風暴,雲璐娜,3,1982/07/16,16:30,1982/07/17,09:15,16 45
颱風(超強颱風),安迪,1,1982/07/29,10:00,1982/07/29,16:00,06 00
颱風(超強颱風),安迪,3,1982/07/29,16:00,1982/07/30,06:30,14 30
颱風(強颱風),伊文,1,1982/09/11,16:00,1982/09/12,18:00,26 00
颱風(強颱風),伊文,3,1982/09/12,18:00,1982/09/14,12:50,42 50
颱風(強颱風),伊文,1,1982/09/14,12:50,1982/09/15,07:10,18 20
颱風(超強颱風),蘭茜,1,1982/10/15,12:00,1982/10/16,21:00,33 00
強烈熱帶風暴,泰培,1,1983/07/12,06:00,1983/07/13,14:00,32 00
颱風,維娜,1,1983/07/16,06:30,1983/07/16,16:00,09 30
颱風,維娜,3,1983/07/16,16:00,1983/07/17,16:05,24 05
颱風(超強颱風),韋恩,1,1983/07/24,21:50,1983/07/25,16:10,18 20
颱風(超強颱風),愛倫,1,1983/09/07,05:00,1983/09/08,07:45,26 45
颱風(超強颱風),愛倫,3,1983/09/08,07:45,1983/09/08,16:45,09 00
颱風(超強颱風),愛倫,8 東北,1983/09/08,16:45,1983/09/09,01:00,08 15
颱風(超強颱風),愛倫,9,1983/09/09,01:00,1983/09/09,02:00,01 00
颱風(超強颱風),愛倫,10,1983/09/09,02:00,1983/09/09,10:00,08 00
颱風(超強颱風),愛倫,8 東南,1983/09/09,10:00,1983/09/09,14:00,04 00
颱風(超強颱風),愛倫,8 西南,1983/09/09,14:00,1983/09/09,17:37,03 37
颱風(超強颱風),愛倫,3,1983/09/09,17:37,1983/09/09,21:20,03 43
強烈熱帶風暴,喬治亞,1,1983/09/29,06:08,1983/09/29,19:20,13 12
強烈熱帶風暴,喬治亞,3,1983/09/29,19:20,1983/09/30,13:40,18 20
颱風,喬伊,1,1983/10/11,22:40,1983/10/12,16:15,17 35
颱風,喬伊,3,1983/10/12,16:15,1983/10/13,11:45,19 30
颱風,喬伊,8 東北,1983/10/13,11:45,1983/10/13,17:45,06 00
颱風,喬伊,8 東南,1983/10/13,17:45,1983/10/13,22:15,04 30
颱風,喬伊,3,1983/10/13,22:15,1983/10/14,05:15,07 00
強烈熱帶風暴,力士,1,1983/10/23,07:10,1983/10/23,19:00,11 50
強烈熱帶風暴,力士,3,1983/10/23,19:00,1983/10/24,06:15,11 15
強烈熱帶風暴,力士,1,1983/10/24,06:15,1983/10/25,14:30,32 15
強烈熱帶風暴,雲茵,1,1984/06/24,03:20,1984/06/24,15:30,12 10
強烈熱帶風暴,雲茵,3,1984/06/24,15:30,1984/06/25,04:30,13 00
強烈熱帶風暴,雲茵,8 東北,1984/06/25,04:30,1984/06/25,07:10,02 40
強烈熱帶風暴,雲茵,3,1984/06/25,07:10,1984/06/25,13:32,06 22
強烈熱帶風暴,比蒂,1,1984/07/07,11:15,1984/07/08,09:40,22 25
強烈熱帶風暴,比蒂,3,1984/07/08,09:40,1984/07/09,15:40,30 00
強烈熱帶風暴,杰拉爾,1,1984/08/16,15:45,1984/08/18,16:15,48 30
強烈熱帶風暴,杰拉爾,3,1984/08/18,16:15,1984/08/19,07:30,15 15
強烈熱帶風暴,杰拉爾,1,1984/08/19,07:30,1984/08/20,14:00,30 30
強烈熱帶風暴,杰拉爾,3,1984/08/20,14:00,1984/08/21,16:00,26 00
強烈熱帶風暴,琴茵,1,1984/08/29,15:10,1984/08/31,09:30,42 20
颱風(超強颱風),艾克,1,1984/09/04,16:10,1984/09/05,11:10,19 00
颱風(超強颱風),艾克,3,1984/09/05,11:10,1984/09/05,23:00,11 50
颱風,哈爾,1,1985/06/22,10:00,1985/06/23,00:40,14 40
颱風,哈爾,3,1985/06/23,00:40,1985/06/24,04:15,27 35
颱風,哈爾,8 西北,1985/06/24,04:15,1985/06/24,20:00,15 45
颱風,哈爾,3,1985/06/24,20:00,1985/06/25,10:45,14 45
熱帶低氣壓,無名,1,1985/07/08,01:30,1985/07/08,23:00,21 30
颱風,戴絲,1,1985/09/04,09:00,1985/09/04,21:10,12 10
颱風,戴絲,3,1985/09/04,21:10,1985/09/06,01:10,28 00
颱風,戴絲,8 東南,1985/09/06,01:10,1985/09/06,06:10,05 00
颱風,戴絲,3,1985/09/06,06:10,1985/09/06,14:00,07 50
熱帶風暴,華爾,1,1985/09/17,05:00,1985/09/18,08:10,27 10
颱風(超強颱風),黛蒂,1,1985/10/20,09:50,1985/10/21,05:00,19 10
颱風(超強颱風),蓓姬,1,1986/07/09,23:10,1986/07/11,02:10,27 00
颱風(超強颱風),蓓姬,3,1986/07/11,02:10,1986/07/11,15:30,13 20
颱風(超強颱風),蓓姬,8 西南,1986/07/11,15:30,1986/07/12,02:15,10 45
颱風(超強颱風),蓓姬,3,1986/07/12,02:15,1986/07/12,18:40,16 25
熱帶低氣壓,無名,1,1986/08/09,21:45,1986/08/10,10:30,12 45
熱帶低氣壓,無名,3,1986/08/10,10:30,1986/08/11,15:15,28 45
颱風,韋恩,1,1986/08/19,11:30,1986/08/20,11:00,23 30
颱風,韋恩,3,1986/08/20,11:00,1986/08/20,22:00,11 00
颱風,韋恩,8 東北,1986/08/20,22:00,1986/08/21,02:00,04 00
颱風,韋恩,3,1986/08/21,02:00,1986/08/21,05:00,03 00
颱風,韋恩,1,1986/08/25,11:45,1986/08/26,14:35,26 50
颱風,韋恩,1,1986/09/04,01:30,1986/09/04,15:00,13 30
颱風,韋恩,3,1986/09/04,15:00,1986/09/05,14:10,23 10
颱風(強颱風),愛倫,1,1986/10/15,14:15,1986/10/16,23:10,32 55
颱風(強颱風),愛倫,3,1986/10/16,23:10,1986/10/19,09:15,58 05
熱帶風暴,露芙,1,1987/06/18,15:45,1987/06/19,11:15,19 30
颱風(超強颱風),比蒂,1,1987/08/14,14:45,1987/08/15,12:00,21 15
颱風(強颱風),卡里,1,1987/08/19,23:00,1987/08/21,12:00,37 00
颱風(強颱風),杰拉爾,1,1987/09/09,12:00,1987/09/10,11:00,23 00
颱風(超強颱風),林茵,1,1987/10/23,23:00,1987/10/24,05:00,06 00
颱風(超強颱風),林茵,3,1987/10/24,05:00,1987/10/25,15:00,34 00
颱風(超強颱風),林茵,1,1987/10/25,15:00,1987/10/26,16:00,25 00
颱風,蘇姍,1,1988/05/31,16:30,1988/06/01,21:00,28 30
熱帶風暴,雲妮莎,1,1988/06/28,23:20,1988/06/29,16:50,17 30
颱風(超強颱風),華倫,1,1988/07/18,11:00,1988/07/19,04:10,17 10
颱風(超強颱風),華倫,3,1988/07/19,04:10,1988/07/20,05:00,24 50
颱風,吉蒂,1,1988/09/21,08:45,1988/09/21,21:00,12 15
颱風,吉蒂,3,1988/09/21,21:00,1988/09/22,09:10,12 10
颱風,帕特,1,1988/10/21,08:50,1988/10/21,22:45,13 55
颱風,帕特,3,1988/10/21,22:45,1988/10/22,15:45,17 00
颱風(超強颱風),露比,1,1988/10/25,16:10,1988/10/26,22:45,30 35
颱風(超強颱風),露比,3,1988/10/26,22:45,1988/10/28,05:00,30 15
颱風,布倫達,1,1989/05/19,08:45,1989/05/19,21:45,13 00
颱風,布倫達,3,1989/05/19,21:45,1989/05/20,05:15,07 30
颱風,布倫達,8 東北,1989/05/20,05:15,1989/05/20,16:00,10 45
颱風,布倫達,8 東南,1989/05/20,16:00,1989/05/20,23:15,07 15
颱風,布倫達,3,1989/05/20,23:15,1989/05/21,07:15,08 00
颱風,黛蒂,1,1989/06/08,15:00,1989/06/09,19:00,28 00
颱風,黛蒂,3,1989/06/09,19:00,1989/06/10,12:15,17 15
強烈熱帶風暴,菲爾,1,1989/07/09,15:50,1989/07/10,16:00,24 10
颱風(超強颱風),戈登,1,1989/07/16,10:00,1989/07/17,04:45,18 45
颱風(超強颱風),戈登,3,1989/07/17,04:45,1989/07/17,17:30,12 45
颱風(超強颱風),戈登,8 東北,1989/07/17,17:30,1989/07/18,03:00,09 30
颱風(超強颱風),戈登,8 東南,1989/07/18,03:00,1989/07/18,09:10,06 10
颱風(超強颱風),戈登,3,1989/07/18,09:10,1989/07/18,14:00,04 50
颱風,布賴恩,1,1989/09/30,17:10,1989/10/01,15:45,22 35
颱風,布賴恩,3,1989/10/01,15:45,1989/10/02,12:00,20 15
颱風(超強颱風),安琪拉,1,1989/10/06,20:50,1989/10/07,21:00,24 10
颱風(超強颱風),安琪拉,3,1989/10/07,21:00,1989/10/09,09:45,36 45
颱風,丹尼,1,1989/10/11,20:00,1989/10/12,05:00,09 00
颱風,丹尼,3,1989/10/12,05:00,1989/10/13,06:30,25 30
颱風,瑪麗安,1,1990/05/17,15:45,1990/05/18,05:00,13 15
颱風,瑪麗安,3,1990/05/18,05:00,1990/05/18,18:15,13 15
強烈熱帶風暴,彌敦,1,1990/06/17,16:05,1990/06/17,22:00,05 55
強烈熱帶風暴,彌敦,3,1990/06/17,22:00,1990/06/18,10:10,12 10
颱風(超強颱風),珀西,1,1990/06/28,08:00,1990/06/29,13:30,29 30
強烈熱帶風暴,泰莎,1,1990/07/28,09:20,1990/07/30,13:45,52 25
強烈熱帶風暴,泰莎,3,1990/07/30,13:45,1990/07/31,13:30,23 45
颱風,貝姬,1,1990/08/27,06:00,1990/08/28,05:00,23 00
颱風,貝姬,3,1990/08/28,05:00,1990/08/28,20:10,15 10
颱風,義德,1,1990/09/14,23:00,1990/09/17,07:45,56 45
颱風,澤奇,1,1991/07/12,08:50,1991/07/12,22:40,13 50
颱風,澤奇,3,1991/07/12,22:40,1991/07/13,07:10,08 30
颱風(超強颱風),愛媚,1,1991/07/18,22:45,1991/07/19,11:10,12 25
颱風(超強颱風),愛媚,3,1991/07/19,11:10,1991/07/20,10:10,23 00
強烈熱帶風暴,布倫登,1,1991/07/22,22:10,1991/07/23,10:00,11 50
強烈熱帶風暴,布倫登,3,1991/07/23,10:00,1991/07/23,21:00,11 00
強烈熱帶風暴,布倫登,8 東北,1991/07/23,21:00,1991/07/24,03:20,06 20
強烈熱帶風暴,布倫登,8 東南,1991/07/24,03:20,1991/07/24,10:00,06 40
強烈熱帶風暴,布倫登,3,1991/07/24,10:00,1991/07/24,15:10,05 10
颱風,法雷德,1,1991/08/13,23:15,1991/08/14,19:10,19 55
颱風,法雷德,3,1991/08/14,19:10,1991/08/16,05:00,33 50
強烈熱帶風暴,喬爾,1,1991/09/03,21:45,1991/09/04,22:30,24 45
強烈熱帶風暴,喬爾,3,1991/09/04,22:30,1991/09/07,09:30,59 00
颱風(強颱風),納德,1,1991/09/16,19:30,1991/09/18,11:15,39 45
颱風(強颱風),納德,1,1991/09/23,13:30,1991/09/25,14:30,49 00
颱風(強颱風),納德,1,1991/09/29,21:45,1991/09/30,22:40,24 55
颱風,察克,1,1992/06/27,08:50,1992/06/27,20:15,11 25
颱風,察克,3,1992/06/27,20:15,1992/06/28,14:00,17 45
颱風,艾里,1,1992/07/11,20:30,1992/07/12,10:00,13 30
颱風,艾里,3,1992/07/12,10:00,1992/07/13,09:45,23 45
熱帶風暴,菲爾,1,1992/07/17,09:00,1992/07/17,23:50,14 50
熱帶風暴,菲爾,3,1992/07/17,23:50,1992/07/18,16:05,16 15
強烈熱帶風暴,加里,1,1992/07/20,22:30,1992/07/21,15:45,17 15
強烈熱帶風暴,加里,3,1992/07/21,15:45,1992/07/22,05:45,14 00
強烈熱帶風暴,加里,8 東北,1992/07/22,05:45,1992/07/22,11:00,05 15
強烈熱帶風暴,加里,8 東南,1992/07/22,11:00,1992/07/22,16:15,05 15
強烈熱帶風暴,加里,3,1992/07/22,16:15,1992/07/22,18:50,02 35
熱帶風暴,馬克,1,1992/08/16,10:15,1992/08/17,11:30,25 15
颱風(強颱風),高蓮,1,1993/06/26,15:10,1993/06/27,03:30,12 20
颱風(強颱風),高蓮,3,1993/06/27,03:30,1993/06/27,10:30,07 00
颱風(強颱風),高蓮,8 東北,1993/06/27,10:30,1993/06/27,16:30,06 00
颱風(強颱風),高蓮,8 東南,1993/06/27,16:30,1993/06/27,22:25,05 55
颱風(強颱風),高蓮,3,1993/06/27,22:25,1993/06/28,04:15,05 50
強烈熱帶風暴,路易斯,1,1993/07/10,00:05,1993/07/10,22:00,21 55
颱風,泰莎,1,1993/08/18,16:15,1993/08/19,10:45,18 30
颱風,泰莎,3,1993/08/19,10:45,1993/08/20,16:00,29 15
颱風,泰莎,8 東南,1993/08/20,16:00,1993/08/21,00:30,08 30
颱風,泰莎,3,1993/08/21,00:30,1993/08/21,09:40,09 10
熱帶風暴,雲璐娜,1,1993/08/25,22:30,1993/08/26,15:45,17 15
颱風(強颱風),艾貝,1,1993/09/12,09:50,1993/09/14,07:50,46 00
強烈熱帶風暴,貝姬,1,1993/09/16,09:30,1993/09/16,22:30,13 00
強烈熱帶風暴,貝姬,3,1993/09/16,22:30,1993/09/17,02:50,04 20
強烈熱帶風暴,貝姬,8 東北,1993/09/17,02:50,1993/09/17,07:30,04 40
強烈熱帶風暴,貝姬,8 東南,1993/09/17,07:30,1993/09/17,15:10,07 40
強烈熱帶風暴,貝姬,3,1993/09/17,15:10,1993/09/17,17:00,01 50
颱風,黛蒂,3,1993/09/25,16:15,1993/09/26,09:15,17 00
颱風,黛蒂,8 東南,1993/09/26,09:15,1993/09/26,16:00,06 45
颱風,黛蒂,3,1993/09/26,16:00,1993/09/26,18:00,02 00
熱帶低氣壓,無名,1,1993/10/12,16:45,1993/10/13,16:45,24 00
颱風(強颱風),艾拉,1,1993/11/02,15:50,1993/11/04,04:10,36 20
颱風(強颱風),艾拉,3,1993/11/04,04:10,1993/11/05,00:35,20 25
強烈熱帶風暴,羅士,1,1994/06/05,10:10,1994/06/06,20:30,34 20
強烈熱帶風暴,羅士,3,1994/06/06,20:30,1994/06/07,15:45,19 15
熱帶風暴,莎朗,1,1994/06/24,10:50,1994/06/25,06:30,19 40
強烈熱帶風暴,夏里,1,1994/08/25,22:50,1994/08/26,16:15,17 25
強烈熱帶風暴,夏里,3,1994/08/26,16:15,1994/08/27,11:45,19 30
熱帶風暴,路加,1,1994/09/11,07:50,1994/09/11,22:30,14 40
熱帶風暴,路加,3,1994/09/11,22:30,1994/09/12,11:50,13 20
強烈熱帶風暴,加里,1,1995/07/28,15:45,1995/07/31,14:30,70 45
強烈熱帶風暴,海倫,1,1995/08/09,16:00,1995/08/11,05:45,37 45
強烈熱帶風暴,海倫,3,1995/08/11,05:45,1995/08/11,22:30,16 45
強烈熱帶風暴,海倫,8 東北,1995/08/11,22:30,1995/08/12,04:30,06 00
強烈熱帶風暴,海倫,8 西北,1995/08/12,04:30,1995/08/12,09:45,05 15
強烈熱帶風暴,海倫,8 西南,1995/08/12,09:45,1995/08/12,14:15,04 30
強烈熱帶風暴,海倫,3,1995/08/12,14:15,1995/08/12,17:30,03 15
熱帶風暴,伊文,1,1995/08/18,12:30,1995/08/19,23:45,35 15
強烈熱帶風暴,洛伊斯,1,1995/08/27,13:15,1995/08/28,09:35,20 20
颱風(強颱風),肯特,1,1995/08/30,12:00,1995/08/31,04:00,16 00
颱風(強颱風),肯特,3,1995/08/31,04:00,1995/08/31,13:00,09 00
颱風(強颱風),肯特,8 西北,1995/08/31,13:00,1995/08/31,16:45,03 45
颱風(強颱風),肯特,8 西南,1995/08/31,16:45,1995/08/31,21:00,04 15
颱風(強颱風),肯特,3,1995/08/31,21:00,1995/09/01,00:15,03 15
熱帶風暴,蓮娜,1,1995/09/06,09:45,1995/09/07,10:15,24 30
颱風(強颱風),萊恩,1,1995/09/19,22:15,1995/09/21,11:30,37 15
颱風,斯寶,1,1995/10/01,17:45,1995/10/02,12:30,18 45
颱風,斯寶,3,1995/10/02,12:30,1995/10/03,05:10,16 40
颱風,斯寶,8 東南,1995/10/03,05:10,1995/10/03,11:30,06 20
颱風,斯寶,3,1995/10/03,11:30,1995/10/03,20:45,09 15
強烈熱帶風暴,法蘭基,1,1996/07/21,14:30,1996/07/22,22:30,32 00
颱風,姬羅莉亞,1,1996/07/26,11:30,1996/07/27,06:45,19 15
熱帶低氣壓,麗莎,1,1996/08/06,09:00,1996/08/06,20:30,11 30
颱風,麗潔,1,1996/08/20,09:45,1996/08/21,22:45,37 00
颱風(強颱風),莎莉,1,1996/09/08,05:00,1996/09/08,17:00,12 00
颱風(強颱風),莎莉,3,1996/09/08,17:00,1996/09/09,02:15,09 15
颱風(強颱風),莎莉,8 東南,1996/09/09,02:15,1996/09/09,05:40,03 25
颱風(強颱風),莎莉,3,1996/09/09,05:40,1996/09/09,10:15,04 35
強烈熱帶風暴,威利,1,1996/09/18,23:15,1996/09/20,09:00,33 45
颱風,貝芙,1,1996/10/19,11:45,1996/10/20,14:00,26 15
颱風,維克托,1,1997/07/31,14:00,1997/08/01,10:00,20 00
颱風,維克托,3,1997/08/01,10:00,1997/08/02,12:00,26 00
颱風,維克托,8 東北,1997/08/02,12:00,1997/08/02,16:50,04 50
颱風,維克托,9,1997/08/02,16:50,1997/08/02,23:40,06 50
颱風,維克托,8 西南,1997/08/02,23:40,1997/08/03,03:30,03 50
颱風,維克托,3,1997/08/03,03:30,1997/08/03,04:45,01 15
颱風,思蒂,1,1997/08/20,23:00,1997/08/21,11:45,12 45
颱風,思蒂,3,1997/08/21,11:45,1997/08/22,09:45,22 00
強烈熱帶風暴,彭妮,1,1998/08/09,06:35,1998/08/09,22:45,16 10
強烈熱帶風暴,彭妮,3,1998/08/09,22:45,1998/08/10,19:45,21 00
熱帶低氣壓,無名,1,1998/08/21,23:55,1998/08/22,21:45,21 50
熱帶低氣壓,無名,1,1998/09/12,06:15,1998/09/13,16:30,34 15
颱風(超強颱風),謝柏,1,1998/10/15,05:45,1998/10/16,05:50,24 05
颱風(強颱風),寶絲,1,1998/10/23,22:15,1998/10/24,23:40,25 25
颱風(強颱風),寶絲,3,1998/10/24,23:40,1998/10/26,21:30,45 50
颱風,利奧,1,1999/04/29,09:40,1999/04/30,16:15,30 35
颱風,利奧,3,1999/04/30,16:15,1999/05/02,13:30,45 15
颱風,利奧,8 東北,1999/05/02,13:30,1999/05/02,17:30,04 00
颱風,利奧,3,1999/05/02,17:30,1999/05/02,20:45,03 15
颱風,瑪姬,1,1999/06/05,23:45,1999/06/06,14:15,14 30
颱風,瑪姬,3,1999/06/06,14:15,1999/06/07,00:30,10 15
颱風,瑪姬,8 西北,1999/06/07,00:30,1999/06/07,02:45,02 15
颱風,瑪姬,9,1999/06/07,02:45,1999/06/07,05:45,03 00
颱風,瑪姬,8 東北,1999/06/07,05:45,1999/06/07,10:30,04 45
颱風,瑪姬,3,1999/06/07,10:30,1999/06/07,14:45,04 15
颱風,瑪姬,1,1999/06/07,22:30,1999/06/08,00:45,02 15
颱風,瑪姬,3,1999/06/08,00:45,1999/06/08,13:45,13 00
熱帶風暴,無名,1,1999/07/25,11:45,1999/07/26,22:45,35 00
熱帶風暴,無名,3,1999/07/26,22:45,1999/07/27,13:45,15 00
颱風,森姆,1,1999/08/20,16:15,1999/08/22,02:30,34 15
颱風,森姆,3,1999/08/22,02:30,1999/08/22,12:30,10 00
颱風,森姆,8 西北,1999/08/22,12:30,1999/08/22,20:10,07 40
颱風,森姆,8 西南,1999/08/22,20:10,1999/08/23,03:50,07 40
颱風,森姆,3,1999/08/23,03:50,1999/08/23,21:00,17 10
熱帶風暴,芸蒂,1,1999/09/03,03:45,1999/09/04,11:20,31 35
颱風,約克,1,1999/09/13,10:45,1999/09/15,10:15,47 30
颱風,約克,3,1999/09/15,10:15,1999/09/16,03:15,17 00
颱風,約克,8 西北,1999/09/16,03:15,1999/09/16,05:20,02 05
颱風,約克,9,1999/09/16,05:20,1999/09/16,06:45,01 25
颱風,約克,10,1999/09/16,06:45,1999/09/16,17:45,11 00
颱風,約克,8 西南,1999/09/16,17:45,1999/09/16,22:10,04 25
颱風,約克,3,1999/09/16,22:10,1999/09/17,00:45,02 35
強烈熱帶風暴,錦雯,1,1999/09/24,09:40,1999/09/25,15:40,30 00
強烈熱帶風暴,錦雯,3,1999/09/25,15:40,1999/09/26,05:20,13 40
強烈熱帶風暴,錦雯,8 西北,1999/09/26,05:20,1999/09/26,11:20,06 00
強烈熱帶風暴,錦雯,8 西南,1999/09/26,11:20,1999/09/26,14:10,02 50
強烈熱帶風暴,錦雯,3,1999/09/26,14:10,1999/09/26,15:20,01 10
颱風,丹尼,1,1999/10/05,20:45,1999/10/07,05:35,32 50
颱風,丹尼,3,1999/10/07,05:35,1999/10/07,16:15,10 40
颱風,丹尼,1,1999/10/07,16:15,1999/10/09,09:25,41 10
熱帶低氣壓,無名,3,2000/06/18,21:15,2000/06/19,01:45,04 30
颱風,啟德,1,2000/07/06,15:50,2000/07/09,05:45,61 55
熱帶低氣壓,無名,1,2000/07/15,14:45,2000/07/16,21:25,30 40
颱風(超強颱風),碧利斯,1,2000/08/23,06:00,2000/08/23,19:15,13 15
強烈熱帶風暴,瑪莉亞,1,2000/08/27,23:45,2000/08/29,14:25,38 40
強烈熱帶風暴,瑪莉亞,1,2000/08/31,10:15,2000/09/01,01:30,15 15
強烈熱帶風暴,瑪莉亞,3,2000/09/01,01:30,2000/09/01,13:20,11 50
颱風,悟空,1,2000/09/06,13:45,2000/09/07,21:45,32 00
颱風,悟空,3,2000/09/07,21:45,2000/09/09,05:45,32 00
強烈熱帶風暴,貝碧嘉,1,2000/11/04,14:40,2000/11/08,07:40,89 00
颱風,飛燕,1,2001/06/22,23:25,2001/06/23,20:25,21 00
颱風,榴槤,1,2001/06/30,07:40,2001/06/30,22:20,14 40
颱風,榴槤,3,2001/06/30,22:20,2001/07/02,09:20,35 00
颱風,尤特,1,2001/07/04,17:45,2001/07/05,10:45,17 00
颱風,尤特,3,2001/07/05,10:45,2001/07/05,19:30,08 45
颱風,尤特,8 東北,2001/07/05,19:30,2001/07/05,23:40,04 10
颱風,尤特,8 西北,2001/07/05,23:40,2001/07/06,09:40,10 00
颱風,尤特,8 西南,2001/07/06,09:40,2001/07/06,13:40,04 00
颱風,尤特,3,2001/07/06,13:40,2001/07/07,11:20,21 40
颱風,玉兔,1,2001/07/23,21:50,2001/07/24,15:50,18 00
颱風,玉兔,3,2001/07/24,15:50,2001/07/25,00:30,08 40
颱風,玉兔,8 東北,2001/07/25,00:30,2001/07/25,10:40,10 10
颱風,玉兔,8 東南,2001/07/25,10:40,2001/07/25,19:40,09 00
颱風,玉兔,3,2001/07/25,19:40,2001/07/26,06:15,10 35
熱帶風暴,菲特,1,2001/08/28,22:15,2001/08/30,04:45,30 30
颱風,百合,1,2001/09/19,16:15,2001/09/20,14:45,22 30
颱風,百合,3,2001/09/20,14:45,2001/09/20,22:40,07 55
強烈熱帶風暴,北冕,1,2002/08/03,09:50,2002/08/05,11:30,49 40
強烈熱帶風暴,黃蜂,1,2002/08/17,22:45,2002/08/20,06:30,55 45
強烈熱帶風暴,黑格比,1,2002/09/10,14:40,2002/09/11,05:40,15 00
強烈熱帶風暴,黑格比,3,2002/09/11,05:40,2002/09/11,13:40,08 00
強烈熱帶風暴,黑格比,8 東南,2002/09/11,13:40,2002/09/12,01:40,12 00
強烈熱帶風暴,黑格比,3,2002/09/12,01:40,2002/09/12,05:40,04 00
強烈熱帶風暴,天鵝,1,2003/07/20,05:40,2003/07/21,20:15,38 35
颱風(超強颱風),伊布都,1,2003/07/22,20:20,2003/07/23,13:40,17 20
颱風(超強颱風),伊布都,3,2003/07/23,13:40,2003/07/23,22:40,09 00
颱風(超強颱風),伊布都,8 東北,2003/07/23,22:40,2003/07/24,05:15,06 35
颱風(超強颱風),伊布都,8 東南,2003/07/24,05:15,2003/07/24,08:15,03 00
颱風(超強颱風),伊布都,3,2003/07/24,08:15,2003/07/24,12:40,04 25
颱風,科羅旺,1,2003/08/23,09:30,2003/08/24,11:30,26 00
颱風,科羅旺,3,2003/08/24,11:30,2003/08/25,11:30,24 00
颱風(強颱風),杜鵑,1,2003/09/01,22:15,2003/09/02,10:40,12 25
颱風(強颱風),杜鵑,3,2003/09/02,10:40,2003/09/02,14:20,03 40
颱風(強颱風),杜鵑,8 西北,2003/09/02,14:20,2003/09/02,20:10,05 50
颱風(強颱風),杜鵑,9,2003/09/02,20:10,2003/09/02,22:10,02 00
颱風(強颱風),杜鵑,8 西南,2003/09/02,22:10,2003/09/03,01:30,03 20
颱風(強颱風),杜鵑,3,2003/09/03,01:30,2003/09/03,03:20,01 50
颱風,康森,1,2004/06/08,14:15,2004/06/09,04:30,14 15
熱帶風暴,圓規,1,2004/07/14,22:55,2004/07/16,05:15,30 20
熱帶風暴,圓規,3,2004/07/16,05:15,2004/07/16,11:45,06 30
熱帶風暴,圓規,8 東北,2004/07/16,11:45,2004/07/16,14:45,03 00
熱帶風暴,圓規,8 西北,2004/07/16,14:45,2004/07/16,16:45,02 00
熱帶風暴,圓規,8 西南,2004/07/16,16:45,2004/07/16,19:20,02 35
熱帶風暴,圓規,3,2004/07/16,19:20,2004/07/16,20:20,01 00
颱風,艾利,1,2004/08/26,10:15,2004/08/27,04:10,17 55
強烈熱帶風暴,珊瑚,1,2005/08/12,10:40,2005/08/13,18:45,32 05
熱帶風暴,韋森特,1,2005/09/17,14:40,2005/09/18,07:40,17 00
颱風(強颱風),達維,1,2005/09/22,10:40,2005/09/24,08:40,46 00
颱風(強颱風),達維,3,2005/09/24,08:40,2005/09/26,08:20,47 40
颱風(超強颱風),珍珠,1,2006/05/15,21:40,2006/05/17,07:15,33 35
颱風(超強颱風),珍珠,3,2006/05/17,07:15,2006/05/17,21:15,14 00
颱風(超強颱風),珍珠,1,2006/05/17,21:15,2006/05/18,04:40,07 25
熱帶風暴,杰拉華,1,2006/06/27,09:40,2006/06/28,18:40,33 00
颱風,派比安,1,2006/08/01,12:10,2006/08/02,16:20,28 10
颱風,派比安,3,2006/08/02,16:20,2006/08/04,05:40,37 20
颱風,派比安,1,2006/08/04,05:40,2006/08/04,15:40,10 00
強烈熱帶風暴,寶霞,1,2006/08/09,08:40,2006/08/10,22:10,37 30
熱帶低氣壓,無名,1,2006/08/24,11:10,2006/08/25,06:20,19 10
熱帶低氣壓,無名,1,2006/09/12,13:40,2006/09/13,10:35,20 55
熱帶低氣壓,無名,3,2006/09/13,10:35,2006/09/13,14:40,04 05
熱帶低氣壓,無名,1,2006/09/13,14:40,2006/09/13,16:10,01 30
颱風(超強颱風),西馬侖,1,2006/10/31,14:20,2006/11/03,13:30,71 10
強烈熱帶風暴,帕布,1,2007/08/08,05:40,2007/08/09,02:40,21 00
強烈熱帶風暴,帕布,3,2007/08/09,02:40,2007/08/09,11:15,08 35
強烈熱帶風暴,帕布,1,2007/08/10,07:50,2007/08/10,12:40,04 50
強烈熱帶風暴,帕布,3,2007/08/10,12:40,2007/08/10,14:30,01 50
強烈熱帶風暴,帕布,8 西南,2007/08/10,14:30,2007/08/10,21:40,07 10
強烈熱帶風暴,帕布,3,2007/08/10,21:40,2007/08/11,01:40,04 00
強烈熱帶風暴,帕布,1,2007/08/11,01:40,2007/08/11,08:30,06 50
熱帶風暴,范斯高,1,2007/09/23,02:40,2007/09/24,11:15,32 35
颱風,浣熊,1,2008/04/17,16:15,2008/04/18,20:40,28 25
颱風,浣熊,3,2008/04/18,20:40,2008/04/20,01:30,28 50
颱風(強颱風),風神,1,2008/06/23,07:40,2008/06/24,16:40,33 00
颱風(強颱風),風神,3,2008/06/24,16:40,2008/06/24,22:45,06 05
颱風(強颱風),風神,8 東北,2008/06/24,22:45,2008/06/25,00:45,02 00
颱風(強颱風),風神,8 西北,2008/06/25,00:45,2008/06/25,05:45,05 00
颱風(強颱風),風神,8 西南,2008/06/25,05:45,2008/06/25,11:15,05 30
颱風(強颱風),風神,3,2008/06/25,11:15,2008/06/25,22:15,11 00
強烈熱帶風暴,北冕,1,2008/08/04,10:15,2008/08/05,19:15,33 00
強烈熱帶風暴,北冕,3,2008/08/05,19:15,2008/08/06,05:40,10 25
強烈熱帶風暴,北冕,8 東北,2008/08/06,05:40,2008/08/06,08:40,03 00
強烈熱帶風暴,北冕,8 東南,2008/08/06,08:40,2008/08/06,17:15,08 35
強烈熱帶風暴,北冕,3,2008/08/06,17:15,2008/08/07,04:15,11 00
強烈熱帶風暴,北冕,1,2008/08/07,04:15,2008/08/07,07:15,03 00
颱風,鸚鵡,1,2008/08/20,18:15,2008/08/21,20:40,26 25
颱風,鸚鵡,3,2008/08/21,20:40,2008/08/22,07:40,11 00
颱風,鸚鵡,8 西北,2008/08/22,07:40,2008/08/22,13:40,06 00
颱風,鸚鵡,9,2008/08/22,13:40,2008/08/23,00:40,11 00
颱風,鸚鵡,8 西南,2008/08/23,00:40,2008/08/23,02:40,02 00
颱風,鸚鵡,3,2008/08/23,02:40,2008/08/23,09:40,07 00
颱風,鸚鵡,1,2008/08/23,09:40,2008/08/23,11:15,01 35
颱風(強颱風),黑格比,1,2008/09/22,18:40,2008/09/23,10:25,15 45
颱風(強颱風),黑格比,3,2008/09/23,10:25,2008/09/23,18:00,07 35
颱風(強颱風),黑格比,8 東北,2008/09/23,18:00,2008/09/24,00:40,06 40
颱風(強颱風),黑格比,8 東南,2008/09/24,00:40,2008/09/24,06:30,05 50
颱風(強颱風),黑格比,3,2008/09/24,06:30,2008/09/24,12:50,06 20
熱帶風暴,海高斯,1,2008/10/02,19:30,2008/10/04,22:30,51 00
強烈熱帶風暴,蓮花,1,2009/06/20,10:40,2009/06/21,05:45,19 05
熱帶風暴,浪卡,1,2009/06/26,07:15,2009/06/26,15:40,08 25
熱帶風暴,浪卡,3,2009/06/26,15:40,2009/06/27,05:25,13 45
熱帶風暴,蘇迪羅,1,2009/07/10,16:45,2009/07/11,13:25,20 40
熱帶風暴,蘇迪羅,3,2009/07/11,13:25,2009/07/11,21:15,07 50
熱帶風暴,蘇迪羅,1,2009/07/11,21:15,2009/07/12,05:20,08 05
颱風,莫拉菲,1,2009/07/17,22:15,2009/07/18,14:15,16 00
颱風,莫拉菲,3,2009/07/18,14:15,2009/07/18,23:30,09 15
颱風,莫拉菲,8 西北,2009/07/18,23:30,2009/07/19,01:30,02 00
颱風,莫拉菲,9,2009/07/19,01:30,2009/07/19,04:40,03 10
颱風,莫拉菲,8 西南,2009/07/19,04:40,2009/07/19,06:40,02 00
颱風,莫拉菲,3,2009/07/19,06:40,2009/07/19,10:40,04 00
颱風,莫拉菲,1,2009/07/19,10:40,2009/07/19,13:15,02 35
強烈熱帶風暴,天鵝,1,2009/08/03,15:15,2009/08/04,11:15,20 00
強烈熱帶風暴,天鵝,3,2009/08/04,11:15,2009/08/04,21:40,10 25
強烈熱帶風暴,天鵝,8 東南,2009/08/04,21:40,2009/08/05,03:40,06 00
強烈熱帶風暴,天鵝,3,2009/08/05,03:40,2009/08/05,05:40,02 00
強烈熱帶風暴,天鵝,1,2009/08/05,05:40,2009/08/05,16:00,10 20
熱帶風暴,彩虹,1,2009/09/10,04:35,2009/09/10,14:35,10 00
熱帶風暴,彩虹,3,2009/09/10,14:35,2009/09/11,03:35,13 00
熱帶風暴,彩虹,1,2009/09/11,03:35,2009/09/11,06:25,02 50
颱風,巨爵,1,2009/09/13,20:35,2009/09/14,11:15,14 40
颱風,巨爵,3,2009/09/14,11:15,2009/09/14,17:55,06 40
颱風,巨爵,8 東北,2009/09/14,17:55,2009/09/15,00:35,06 40
颱風,巨爵,8 東南,2009/09/15,00:35,2009/09/15,10:15,09 40
颱風,巨爵,3,2009/09/15,10:15,2009/09/15,13:35,03 20
颱風,巨爵,1,2009/09/15,13:35,2009/09/15,15:40,02 05
颱風,凱薩娜,1,2009/09/27,22:15,2009/09/28,19:15,21 00
颱風,康森,1,2010/07/15,19:20,2010/07/16,21:15,25 55
颱風,燦都,1,2010/07/20,12:15,2010/07/21,16:40,28 25
颱風,燦都,3,2010/07/21,16:40,2010/07/22,11:40,19 00
颱風,燦都,1,2010/07/22,11:40,2010/07/22,14:40,03 00
強烈熱帶風暴,獅子山,1,2010/08/29,10:35,2010/08/30,19:10,32 35
強烈熱帶風暴,獅子山,1,2010/09/02,20:40,2010/09/03,16:40,20 00
強颱風,凡亞比,1,2010/09/19,16:35,2010/09/20,16:05,23 30
強颱風,凡亞比,3,2010/09/20,16:05,2010/09/21,07:35,15 30
超強颱風,鮎魚,1,2010/10/20,16:35,2010/10/21,05:40,13 05
超強颱風,鮎魚,3,2010/10/21,05:40,2010/10/22,18:05,36 25
超強颱風,鮎魚,1,2010/10/22,18:05,2010/10/22,20:40,02 35
熱帶風暴,莎莉嘉,1,2011/06/10,09:40,2011/06/11,07:15,21 35
熱帶風暴,海馬,1,2011/06/20,21:35,2011/06/22,05:45,32 10
熱帶風暴,海馬,3,2011/06/22,05:45,2011/06/23,10:25,28 40
熱帶風暴,海馬,1,2011/06/23,10:25,2011/06/23,20:45,10 20
強烈熱帶風暴,洛坦,1,2011/07/28,08:40,2011/07/28,18:45,10 05
強烈熱帶風暴,洛坦,3,2011/07/28,18:45,2011/07/29,14:10,19 25
強烈熱帶風暴,洛坦,1,2011/07/29,14:10,2011/07/29,16:40,02 30
颱風,納沙,1,2011/09/27,22:40,2011/09/28,17:20,18 40
颱風,納沙,3,2011/09/28,17:20,2011/09/29,04:40,11 20
颱風,納沙,8 東南,2011/09/29,04:40,2011/09/29,16:10,11 30
颱風,納沙,3,2011/09/29,16:10,2011/09/30,00:20,08 10
颱風,納沙,1,2011/09/30,00:20,2011/09/30,06:25,06 05
強颱風,尼格,1,2011/10/02,10:40,2011/10/03,06:40,20 00
強颱風,尼格,3,2011/10/03,06:40,2011/10/03,19:10,12 30
強烈熱帶風暴,泰利,1,2012/06/17,16:20,2012/06/18,22:40,30 20
強烈熱帶風暴,泰利,3,2012/06/18,22:40,2012/06/19,10:20,11 40
強烈熱帶風暴,泰利,1,2012/06/19,10:20,2012/06/19,20:40,10 20
熱帶風暴,杜蘇芮,1,2012/06/28,21:40,2012/06/29,16:20,18 40
熱帶風暴,杜蘇芮,3,2012/06/29,16:20,2012/06/29,23:05,06 45
熱帶風暴,杜蘇芮,8 東北,2012/06/29,23:05,2012/06/30,00:40,01 35
熱帶風暴,杜蘇芮,8 東南,2012/06/30,00:40,2012/06/30,03:25,02 45
熱帶風暴,杜蘇芮,3,2012/06/30,03:25,2012/06/30,06:40,03 15
熱帶風暴,杜蘇芮,1,2012/06/30,06:40,2012/06/30,08:15,01 35
強颱風,韋森特,1,2012/07/21,15:40,2012/07/23,05:20,37 40
強颱風,韋森特,3,2012/07/23,05:20,2012/07/23,17:40,12 20
強颱風,韋森特,8 東北,2012/07/23,17:40,2012/07/23,23:20,05 40
強颱風,韋森特,9,2012/07/23,23:20,2012/07/24,00:45,01 25
強颱風,韋森特,10,2012/07/24,00:45,2012/07/24,03:35,02 50
強颱風,韋森特,8 東南,2012/07/24,03:35,2012/07/24,10:10,06 35
強颱風,韋森特,3,2012/07/24,10:10,2012/07/24,14:40,04 30
強颱風,韋森特,1,2012/07/24,14:40,2012/07/24,23:15,08 35
颱風,啟德,1,2012/08/15,20:10,2012/08/16,13:40,17 30
颱風,啟德,3,2012/08/16,13:40,2012/08/16,22:15,08 35
颱風,啟德,8 東南,2012/08/16,22:15,2012/08/17,06:20,08 05
颱風,啟德,3,2012/08/17,06:20,2012/08/17,15:20,09 00
颱風,啟德,1,2012/08/17,15:20,2012/08/17,16:25,01 05
強颱風,天秤,1,2012/08/24,22:40,2012/08/26,16:40,42 00
熱帶風暴,貝碧嘉,1,2013/06/21,07:40,2013/06/21,20:20,12 40
熱帶風暴,貝碧嘉,3,2013/06/21,20:20,2013/06/22,09:10,12 50
熱帶風暴,貝碧嘉,1,2013/06/22,09:10,2013/06/22,11:15,02 05
強烈熱帶風暴,溫比亞,1,2013/06/30,21:10,2013/07/01,13:15,16 05
強烈熱帶風暴,溫比亞,3,2013/07/01,13:15,2013/07/02,05:10,15 55
強烈熱帶風暴,溫比亞,1,2013/07/02,05:10,2013/07/02,09:40,04 30
熱帶風暴,西馬侖,1,2013/07/17,23:20,2013/07/18,15:40,16 20
強烈熱帶風暴,飛燕,1,2013/08/01,09:40,2013/08/01,16:10,06 30
強烈熱帶風暴,飛燕,3,2013/08/01,16:10,2013/08/02,22:15,30 05
超強颱風,尤特,1,2013/08/12,16:05,2013/08/13,04:40,12 35
超強颱風,尤特,3,2013/08/13,04:40,2013/08/14,01:40,21 00
超強颱風,尤特,8 東南,2013/08/14,01:40,2013/08/14,13:40,12 00
超強颱風,尤特,3,2013/08/14,13:40,2013/08/15,01:40,12 00
超強颱風,尤特,1,2013/08/15,01:40,2013/08/15,16:40,15 00
超強颱風,天兔,1,2013/09/21,10:40,2013/09/21,23:40,13 00
超強颱風,天兔,3,2013/09/21,23:40,2013/09/22,18:40,19 00
超強颱風,天兔,8 西北,2013/09/22,18:40,2013/09/23,00:25,05 45
超強颱風,天兔,8 西南,2013/09/23,00:25,2013/09/23,09:20,08 55
超強颱風,天兔,3,2013/09/23,09:20,2013/09/23,10:25,01 05
強颱風,羅莎,1,2013/11/01,15:20,2013/11/03,22:50,55 30
熱帶風暴,海貝思,1,2014/06/14,17:40,2014/06/15,13:20,19 40
超強颱風,威馬遜,1,2014/07/16,23:40,2014/07/17,16:15,16 35
超強颱風,威馬遜,3,2014/07/17,16:15,2014/07/18,19:40,27 25
超強颱風,威馬遜,1,2014/07/18,19:40,2014/07/19,03:40,08 00
熱帶低氣壓,無名,1,2014/09/07,09:40,2014/09/08,09:10,23 30
颱風,海鷗,1,2014/09/14,23:35,2014/09/15,12:40,13 05
颱風,海鷗,3,2014/09/15,12:40,2014/09/15,22:30,09 50
颱風,海鷗,8 東南,2014/09/15,22:30,2014/09/16,10:40,12 10
颱風,海鷗,3,2014/09/16,10:40,2014/09/16,20:40,10 00
颱風,海鷗,1,2014/09/16,20:40,2014/09/17,02:10,05 30
熱帶風暴,鯨魚,1,2015/06/21,21:40,2015/06/23,07:40,34 00
颱風,蓮花,1,2015/07/08,07:40,2015/07/09,08:40,25 00
颱風,蓮花,3,2015/07/09,08:40,2015/07/09,16:40,08 00
颱風,蓮花,8 西北,2015/07/09,16:40,2015/07/09,22:10,05 30
颱風,蓮花,3,2015/07/09,22:10,2015/07/10,05:50,07 40
強颱風,彩虹,1,2015/10/02,20:40,2015/10/03,10:20,13 40
強颱風,彩虹,3,2015/10/03,10:20,2015/10/04,20:40,34 20
強颱風,彩虹,1,2015/10/04,20:40,2015/10/05,05:20,08 40
熱帶低氣壓,無名,1,2016/05/26,21:40,2016/05/27,05:40,08 00
熱帶低氣壓,無名,3,2016/05/27,05:40,2016/05/27,13:40,08 00
熱帶低氣壓,無名,1,2016/05/27,13:40,2016/05/27,22:50,09 10
強烈熱帶風暴,銀河,1,2016/07/26,08:40,2016/07/26,23:20,14 40
颱風,妮妲,1,2016/07/31,22:10,2016/08/01,11:40,13 30
颱風,妮妲,3,2016/08/01,11:40,2016/08/01,20:40,09 00
颱風,妮妲,8 西北,2016/08/01,20:40,2016/08/02,04:40,08 00
颱風,妮妲,8 西南,2016/08/02,04:40,2016/08/02,12:40,08 00
颱風,妮妲,3,2016/08/02,12:40,2016/08/02,17:10,04 30
熱帶風暴,電母,1,2016/08/17,11:30,2016/08/17,22:15,10 45
熱帶風暴,電母,3,2016/08/17,22:15,2016/08/18,11:15,13 00
熱帶風暴,電母,1,2016/08/18,11:15,2016/08/18,13:15,02 00
超強颱風,莫蘭蒂,1,2016/09/14,10:10,2016/09/15,04:20,18 10
強颱風,鮎魚,1,2016/09/28,08:40,2016/09/28,23:10,14 30
熱帶風暴,艾利,1,2016/10/06,20:40,2016/10/09,03:45,55 05
超強颱風,莎莉嘉,1,2016/10/16,21:20,2016/10/17,13:40,16 20
超強颱風,莎莉嘉,3,2016/10/17,13:40,2016/10/18,22:10,32 30
超強颱風,海馬,1,2016/10/20,08:20,2016/10/20,20:40,12 20
超強颱風,海馬,3,2016/10/20,20:40,2016/10/21,06:10,09 30
超強颱風,海馬,8 西北,2016/10/21,06:10,2016/10/21,14:15,08 05
超強颱風,海馬,8 西南,2016/10/21,14:15,2016/10/21,17:20,03 05
超強颱風,海馬,3,2016/10/21,17:20,2016/10/21,22:10,04 50
強烈熱帶風暴,苗柏,1,2017/06/11,19:40,2017/06/12,10:40,15 00
強烈熱帶風暴,苗柏,3,2017/06/12,10:40,2017/06/12,17:20,06 40
強烈熱帶風暴,苗柏,8 東北,2017/06/12,17:20,2017/06/12,20:20,03 00
強烈熱帶風暴,苗柏,8 西北,2017/06/12,20:20,2017/06/13,00:10,03 50
強烈熱帶風暴,苗柏,8 西南,2017/06/13,00:10,2017/06/13,04:40,04 30
強烈熱帶風暴,苗柏,3,2017/06/13,04:40,2017/06/13,11:10,06 30
熱帶風暴,洛克,1,2017/07/22,15:40,2017/07/23,03:40,12 00
熱帶風暴,洛克,3,2017/07/23,03:40,2017/07/23,09:20,05 40
熱帶風暴,洛克,8 西北,2017/07/23,09:20,2017/07/23,13:20,04 00
熱帶風暴,洛克,3,2017/07/23,13:20,2017/07/23,15:10,01 50
熱帶風暴,洛克,1,2017/07/23,15:10,2017/07/23,19:40,04 30